month,editors.anonymous,editors.user,editors.name-bot,editors.group-bot,editors.total,active-editors.total,edits.anonymous,edits.user,edits.name-bot,edits.group-bot,edits.total,new-reg.total,new-pages.anonymous,new-pages.user,new-pages.name-bot,new-pages.group-bot,new-pages.total,edited-pages.anonymous,edited-pages.user,edited-pages.name-bot,edited-pages.group-bot,edited-pages.total,edited-pages-conoc.non-content,edited-pages-conoc.content,edited-pages-conoc.total,pages2date.non-content,pages2date.content,pages2date.total,n_log_all,n_log_editor_ip,n_log_editor_bot,n_log_editor_user,n_log_admin_ip,n_log_admin_bot,n_log_admin_user,n_log_all_block,n_log_editor_ip_block,n_log_editor_bot_block,n_log_editor_user_block,n_log_admin_ip_block,n_log_admin_bot_block,n_log_admin_user_block,n_log_all_unblock,n_log_editor_ip_unblock,n_log_editor_bot_unblock,n_log_editor_user_unblock,n_log_admin_ip_unblock,n_log_admin_bot_unblock,n_log_admin_user_unblock,n_editor_all,n_editor_ip,n_editor_bot,n_editor_user,n_editor_all_block,n_editor_ip_block,n_editor_bot_block,n_editor_user_block,n_editor_all_unblock,n_editor_ip_unblock,n_editor_bot_unblock,n_editor_user_unblock,tag_number
2005-01-01,65476,14694,18.0,2.0,80190.0,6871,199826,594798,1923.0,3160.0,799707.0,2,7756,32798,24.0,0.0,40578.0,66918,175598,1268.0,2970.0,246754.0,38977,162240,201217,230161,436782,666943,1896,1267,0,629,0,0,1896,1299,993,0,306,0,0,1299,597,274,0,323,0,0,597,1256,826,0,430,962,759,0,203,534,247,0,287,26
2005-02-01,60723,15056,28.0,2.0,75809.0,6872,193228,592628,2128.0,1364.0,789348.0,5,7144,31538,14.0,0.0,38696.0,66906,176741,1538.0,1205.0,246390.0,39771,161811,201582,249240,456399,705639,2052,1442,0,610,0,0,2052,1547,1093,0,454,0,0,1547,505,349,0,156,0,0,505,1306,919,0,387,1216,915,0,301,336,189,0,147,26
2005-03-01,74055,18243,29.0,2.0,92329.0,8543,242362,770234,9740.0,1728.0,1024064.0,11,9471,40994,190.0,0.0,50655.0,81284,219188,4975.0,1618.0,307065.0,49885,198997,248882,274441,481853,756294,1629,882,0,747,0,0,1629,1379,819,0,560,0,0,1379,250,63,0,187,0,0,250,1118,663,0,455,1032,656,0,376,217,58,0,159,26
2005-04-01,92101,21373,31.0,2.0,113507.0,10039,329974,929123,29911.0,4866.0,1293874.0,13,11297,47379,982.0,2.0,59660.0,99532,250281,22458.0,4557.0,376828.0,59181,233517,292698,304580,511374,815954,1958,1174,0,784,0,0,1958,1758,1097,0,661,0,0,1758,200,77,0,123,0,0,200,1393,855,0,538,1332,851,0,481,174,62,0,112,26
2005-05-01,102733,23181,35.0,4.0,125953.0,10911,365311,969462,24931.0,4664.0,1364368.0,7,12989,45811,180.0,3.0,58983.0,109594,261928,18046.0,3975.0,393543.0,62047,245289,307336,333642,541295,874937,2221,316,0,1905,0,0,2221,451,308,0,143,0,0,451,44,8,0,36,0,0,44,2127,273,0,1854,384,273,0,111,38,7,0,31,26
2005-06-01,107321,24905,37.0,5.0,132268.0,11815,401915,1082211,13055.0,11498.0,1508679.0,14,13266,52116,135.0,22.0,65539.0,117380,282280,4248.0,9762.0,413670.0,70243,257728,327971,366274,574202,940476,2393,1592,0,801,0,0,2393,2097,1425,0,672,0,0,2097,296,167,0,129,0,0,296,1693,1140,0,553,1590,1101,0,489,257,145,0,112,26
2005-07-01,132806,31036,48.0,5.0,163895.0,14519,487909,1316440,15210.0,12600.0,1832159.0,17,16276,65638,397.0,1.0,82312.0,133906,321777,13090.0,10582.0,479355.0,83947,288097,372044,407631,615157,1022788,2553,1592,0,961,0,0,2553,2292,1500,0,792,0,0,2292,261,92,0,169,0,0,261,1854,1168,0,686,1775,1164,0,611,245,83,0,162,26
2005-08-01,151325,34955,53.0,5.0,186338.0,16079,534484,1414942,25631.0,5605.0,1980662.0,13,16493,74580,141.0,1.0,91215.0,147526,352577,19995.0,4236.0,524334.0,97903,309724,407627,456569,657434,1114003,5900,3583,0,2317,0,0,5900,5379,3362,0,2017,0,0,5379,521,221,0,300,0,0,521,4372,2615,0,1757,4207,2600,0,1607,439,192,0,247,26
2005-09-01,160239,34189,61.0,5.0,194494.0,15155,521850,1255830,92717.0,14856.0,1885253.0,44088,13687,66769,426.0,6.0,80888.0,144315,343731,61411.0,12143.0,561600.0,112078,321772,433850,501520,693371,1194891,4357,2681,0,1676,0,0,4357,3835,2431,0,1404,0,0,3835,522,250,0,272,0,0,522,3204,2014,0,1190,2949,1897,0,1052,467,221,0,246,26
2005-10-01,210364,40188,66.0,4.0,250622.0,17476,694235,1479765,56288.0,14186.0,2244474.0,75136,19136,80162,721.0,1.0,100020.0,175374,394006,45205.0,10054.0,624639.0,121584,354376,475960,559329,735582,1294911,13394,7793,0,5601,0,0,13394,9609,4474,0,5135,0,0,9609,3785,3319,0,466,0,0,3785,7888,4262,0,3626,7078,3596,0,3482,2455,2023,0,432,26
2005-11-01,224673,42575,78.0,6.0,267332.0,17841,744350,1496153,111935.0,13711.0,2366149.0,80960,16209,75827,1005.0,2.0,93043.0,179429,392756,92050.0,6333.0,670568.0,118732,380601,499333,613385,774569,1387954,10379,6715,0,3664,0,0,10379,9653,6420,0,3233,0,0,9653,726,295,0,431,0,0,726,8013,5182,0,2831,7760,5172,0,2588,641,248,0,393,26
2005-12-01,264993,60852,101.0,6.0,325952.0,26329,893464,2250093,65804.0,12412.0,3221773.0,116720,6457,119553,592.0,44.0,126646.0,197331,515163,50448.0,6151.0,769093.0,162054,424547,586601,697253,817347,1514600,11880,6659,2,5219,0,0,11880,10562,6300,1,4261,0,0,10562,1318,359,1,958,0,0,1318,8415,4765,1,3649,7839,4742,1,3096,1175,293,1,881,26
2006-01-01,289251,69219,95.0,5.0,358570.0,29763,973819,2582106,96881.0,10938.0,3663744.0,123436,4493,140746,2025.0,179.0,147443.0,212627,574905,74105.0,4820.0,866457.0,192564,465263,657827,796431,865612,1662043,13968,7379,3,6586,0,0,13968,12562,6933,2,5627,0,0,12562,1406,446,1,959,0,0,1406,9713,4854,1,4858,9117,4814,1,4302,1213,357,1,855,27
2006-02-01,273564,77123,118.0,6.0,350811.0,31393,900122,2522201,113635.0,13954.0,3549912.0,140976,3858,136700,2056.0,51.0,142665.0,207637,596793,91518.0,8319.0,904267.0,234511,470280,704791,896894,907814,1804708,18117,10720,0,7397,0,0,18117,15858,9810,0,6048,0,0,15858,2259,910,0,1349,0,0,2259,12342,6915,0,5427,11378,6868,0,4510,2008,793,0,1215,27
2006-03-01,315562,92647,109.0,9.0,408327.0,36267,1014099,2753008,311715.0,17663.0,4096485.0,172842,4506,148609,3608.0,58.0,156781.0,226173,615081,237596.0,11322.0,1090172.0,257927,541607,799534,1005632,955857,1961489,19877,11149,0,8728,0,0,19877,17575,10343,0,7232,0,0,17575,2302,806,0,1496,0,0,2302,13232,7082,0,6150,12244,7041,0,5203,2057,700,0,1357,27
2006-04-01,330094,95816,119.0,11.0,426040.0,37355,1045435,2697728,185553.0,46736.0,3975452.0,169751,4092,154496,7403.0,126.0,166117.0,230797,628694,138765.0,38728.0,1036984.0,269732,513397,783129,1126555,1001051,2127606,19957,12229,0,7728,0,0,19957,17921,11585,0,6336,0,0,17921,2036,644,0,1392,0,0,2036,15361,9303,0,6058,14256,9189,0,5067,1843,554,0,1289,27
2006-05-01,377513,106939,143.0,12.0,484607.0,41526,1230952,3088984,184056.0,61329.0,4565321.0,184903,4888,159033,10557.0,142.0,174620.0,255893,677598,136170.0,46012.0,1115673.0,275472,551983,827455,1253358,1048868,2302226,23520,13150,0,10370,0,0,23520,19483,12462,0,7021,0,0,19483,4037,688,0,3349,0,0,4037,17365,8974,0,8391,14482,8873,0,5609,3667,564,0,3103,27
2006-06-01,347426,108907,166.0,12.0,456511.0,42936,1133552,3191511,167065.0,54092.0,4546220.0,172305,4430,164429,9478.0,1225.0,179562.0,251682,697848,117529.0,39532.0,1106591.0,282647,546548,829195,1383043,1098745,2481788,19184,8918,2,10264,0,0,19184,15147,8231,1,6915,0,0,15147,4037,687,1,3349,0,0,4037,14225,5890,1,8334,11389,5772,1,5616,3554,505,1,3048,27
2006-07-01,353200,116512,171.0,13.0,469896.0,45378,1145328,3330005,218253.0,56229.0,4749815.0,187956,4407,173500,10515.0,2549.0,190971.0,257601,739466,156985.0,35639.0,1189691.0,298045,585438,883483,1516292,1156467,2672759,16063,6499,0,9564,0,0,16063,13977,6045,0,7932,0,0,13977,2086,454,0,1632,0,0,2086,12743,4497,0,8246,11534,4453,0,7081,1866,363,0,1503,27
2006-08-01,388313,132081,198.0,16.0,520608.0,50354,1236060,3782441,262474.0,75279.0,5356254.0,221464,4610,288996,22418.0,665.0,316689.0,277396,943422,196314.0,50603.0,1467735.0,466362,653621,1119983,1773419,1216029,2989448,18680,6445,4,12231,0,0,18680,15598,5978,4,9616,0,0,15598,2596,467,0,2129,0,0,2596,15695,4839,1,10855,13988,4788,1,9199,2447,391,0,2056,27
2006-09-01,416145,133261,207.0,17.0,549630.0,48847,1271415,3356867,214800.0,70334.0,4913416.0,235813,4297,186510,14759.0,236.0,205802.0,283282,804169,143956.0,37826.0,1269233.0,358334,602085,960419,1930568,1264682,3195250,19756,9223,2,10531,0,0,19756,17936,8726,1,9209,0,0,17936,1820,497,1,1322,0,0,1820,16809,7171,1,9637,15889,7107,1,8781,1697,442,1,1254,27
2006-10-01,478577,143360,206.0,16.0,622159.0,51274,1457433,3573015,285258.0,64382.0,5380088.0,255645,4210,194351,26078.0,1912.0,226551.0,304342,827471,186036.0,28186.0,1346035.0,379588,629789,1009377,2110534,1311267,3421801,23226,12555,2,10669,0,0,23226,20650,11672,1,8977,0,0,20650,2079,883,1,1195,0,0,2079,19037,9865,1,9171,18221,9723,1,8497,1926,797,1,1128,27
2006-11-01,509985,156013,205.0,14.0,666217.0,54668,1531154,3676752,233019.0,74093.0,5515018.0,270413,4507,198681,22587.0,533.0,226308.0,317211,847966,160786.0,29229.0,1355192.0,380487,643720,1024207,2290337,1357772,3648109,22988,12371,2,10615,0,0,22988,21406,11698,1,9707,0,0,21406,1582,673,1,908,0,0,1582,19407,9843,1,9563,18950,9735,1,9214,1432,588,1,843,27
2006-12-01,491647,157292,236.0,15.0,649190.0,55283,1435272,3744921,278980.0,92441.0,5551614.0,236609,3878,199806,17321.0,471.0,221476.0,313546,878051,197218.0,40058.0,1428873.0,393607,668191,1061798,2466676,1402909,3869585,18241,9408,3,8830,0,0,18241,16970,8856,2,8112,0,0,16970,1271,552,1,718,0,0,1271,15730,7804,2,7924,15400,7729,2,7669,1139,482,1,656,27
2007-01-01,546826,172704,231.0,18.0,719779.0,60044,1607696,4121715,317371.0,137117.0,6183899.0,274007,4015,224577,30406.0,2843.0,261841.0,340539,950379,224313.0,49601.0,1564832.0,465382,704915,1170297,2681089,1450337,4131426,21975,11710,5,10260,0,0,21975,20255,11215,2,9038,0,0,20255,1222,495,3,724,0,0,1222,18631,9726,2,8903,18316,9692,1,8623,1116,438,2,676,35
2007-02-01,547916,176916,219.0,20.0,725071.0,59862,1590224,3959646,354312.0,197582.0,6101764.0,283207,5024,224467,25993.0,11583.0,267067.0,339820,937978,234551.0,87110.0,1599459.0,488913,692804,1181717,2902666,1495827,4398493,23348,12317,5,11026,0,0,23348,21953,11737,3,10213,0,0,21953,1395,580,2,813,0,0,1395,19994,10102,2,9890,19724,10064,2,9658,1257,519,2,736,35
2007-03-01,615583,189497,234.0,24.0,805338.0,63773,1771597,4417482,380481.0,144073.0,6713633.0,290918,4728,263550,41137.0,7014.0,316429.0,358801,1076215,256625.0,67671.0,1759312.0,599716,724625,1324341,3171927,1542995,4714922,25475,13785,6,11684,0,0,25475,24052,13143,3,10906,0,0,24052,1423,642,3,778,0,0,1423,21976,11407,2,10567,21702,11341,2,10359,1295,582,2,711,35
2007-04-01,607910,184930,244.0,26.0,793110.0,62455,1724503,4369758,355895.0,255323.0,6705479.0,274143,4465,269353,23256.0,15658.0,312732.0,359683,1136588,230195.0,154129.0,1880595.0,695214,738897,1434111,3439097,1588557,5027654,22994,12410,8,10576,0,0,22994,21602,11822,4,9776,0,0,21602,1392,588,4,800,0,0,1392,19907,10452,3,9452,19602,10376,3,9223,1249,517,3,729,35
2007-05-01,612067,179240,266.0,23.0,791596.0,60969,1742955,4273160,337915.0,215374.0,6569404.0,256134,4841,224126,23758.0,5171.0,257896.0,366616,1062921,210822.0,107946.0,1748305.0,583821,739626,1323447,3650744,1634806,5285550,29752,19179,4,10569,0,0,29752,28202,18503,2,9697,0,0,28202,1550,676,2,872,0,0,1550,26377,16980,2,9395,26070,16895,2,9173,1436,617,2,817,35
2007-06-01,514925,156342,247.0,22.0,671536.0,54375,1447007,3832869,401489.0,168264.0,5849629.0,219715,3651,192565,40646.0,5788.0,242650.0,339555,981040,255732.0,72797.0,1649124.0,530662,729791,1260453,3845876,1682324,5528200,18521,10190,0,8331,0,0,18521,17187,9523,0,7664,0,0,17187,1334,667,0,667,0,0,1334,16085,8754,0,7331,15854,8673,0,7181,1243,630,0,613,35
2007-07-01,488379,158507,226.0,28.0,647140.0,55477,1407777,3951418,334980.0,130579.0,5824754.0,230027,3068,200985,54271.0,3618.0,261942.0,332995,988484,207561.0,49049.0,1578089.0,498163,733994,1232157,4044432,1745710,5790142,15112,7253,3,7856,0,0,15112,13764,6932,2,6830,0,0,13764,851,321,1,529,0,0,851,12982,6403,2,6577,12808,6363,2,6443,772,290,1,481,35
2007-08-01,489449,158196,227.0,34.0,647906.0,53490,1377249,3821074,368589.0,159375.0,5726287.0,224711,2941,193060,47431.0,5343.0,248775.0,339454,981003,250232.0,76213.0,1646902.0,493305,774542,1267847,4235739,1803178,6038917,17774,10179,3,7592,0,0,17774,16347,9773,2,6572,0,0,16347,928,406,1,521,0,0,928,15261,8977,2,6282,15096,8936,2,6158,847,376,1,470,35
2007-09-01,539025,161773,215.0,37.0,701050.0,52519,1471123,3631399,398350.0,248259.0,5749131.0,238139,2856,193434,31831.0,15671.0,243792.0,343273,935854,267979.0,142214.0,1689320.0,486534,771424,1257958,4434793,1847916,6282709,23639,15742,1,7896,0,0,23639,22597,15299,1,7297,0,0,22597,1042,443,0,599,0,0,1042,20721,13776,1,6944,20539,13697,1,6841,943,414,0,529,35
2007-10-01,592312,170195,261.0,37.0,762805.0,54442,1613859,3766913,526131.0,249704.0,6156607.0,252035,2795,206548,43259.0,5661.0,258263.0,359920,972855,337725.0,127076.0,1797576.0,517426,820504,1337930,4651630,1889342,6540972,21834,12733,6,9095,0,0,21834,20724,12321,4,8399,0,0,20724,1110,412,2,696,0,0,1110,18733,10682,2,8049,18500,10611,2,7887,1031,393,2,636,35
2007-11-01,551130,160383,242.0,40.0,711795.0,51482,1462087,3560223,437061.0,312551.0,5771922.0,208204,2337,187667,41418.0,9514.0,240936.0,341614,936189,289629.0,122291.0,1689723.0,502250,766863,1269113,4852845,1929063,6781908,20517,11354,4,9159,0,0,20517,19416,10934,2,8480,0,0,19416,1101,420,2,679,0,0,1101,17742,9604,2,8136,17503,9503,2,7998,971,382,2,587,35
2007-12-01,508674,146928,246.0,37.0,655885.0,48448,1331813,3509502,441554.0,362341.0,5645210.0,170891,2145,198108,38187.0,14111.0,252551.0,327715,960096,302382.0,114355.0,1704548.0,489953,797652,1287605,5060073,1974386,7034459,15883,8716,0,7167,0,0,15883,15115,8397,0,6718,0,0,15115,768,319,0,449,0,0,768,14000,7522,0,6478,13872,7483,0,6389,685,292,0,393,35
2008-01-01,570207,163483,246.0,40.0,733976.0,52725,1518563,4014656,447361.0,249026.0,6229606.0,233653,2848,257743,49244.0,12050.0,321885.0,364601,1107512,267451.0,141075.0,1880639.0,653608,781859,1435467,5331787,2024557,7356344,20735,12114,3,8618,0,0,20735,19327,11322,2,8003,0,0,19327,1408,792,1,615,0,0,1408,18034,10367,2,7665,17465,9916,2,7547,1288,766,1,521,40
2008-02-01,564381,164381,242.0,36.0,729040.0,52563,1504345,3811933,521130.0,198639.0,6036047.0,227368,3181,249550,45055.0,5660.0,303446.0,359396,1042558,329279.0,84670.0,1815903.0,570946,792198,1363144,5579465,2080325,7659790,22209,13156,4,9049,0,0,22209,19646,11271,3,8372,0,0,19646,2563,1885,1,677,0,0,2563,19379,11361,1,8017,17714,9820,1,7893,2463,1859,1,603,40
2008-03-01,603386,172167,247.0,40.0,775840.0,55010,1603477,4134580,663343.0,280033.0,6681433.0,222436,3484,251439,59762.0,8132.0,322817.0,382393,1121075,374145.0,130032.0,2007645.0,610580,902509,1513089,5858099,2124508,7982607,21186,11011,2,10173,0,0,21186,20110,10616,2,9492,0,0,20110,1076,395,0,681,0,0,1076,18561,9453,2,9106,18395,9412,2,8981,940,350,0,590,40
2008-04-01,588878,169052,266.0,38.0,758234.0,53834,1569310,3994541,431536.0,220073.0,6215460.0,216816,3482,251115,35995.0,4059.0,294651.0,376690,1103185,284523.0,113614.0,1878012.0,623713,816913,1440626,6112220,2165038,8277258,22814,13529,3,9282,0,0,22814,21823,13137,1,8685,0,0,21823,991,392,2,597,0,0,991,20321,11940,1,8380,20168,11905,1,8262,911,371,1,539,40
2008-05-01,584161,165126,279.0,42.0,749608.0,52723,1547454,3902399,520515.0,266106.0,6236474.0,205643,2987,246160,42738.0,8599.0,300484.0,373850,1085996,313884.0,120363.0,1894093.0,607484,829026,1436510,6372479,2205263,8577742,21764,11800,1,9963,0,0,21764,20777,11426,1,9350,0,0,20777,987,374,0,613,0,0,987,19420,10407,1,9012,19226,10321,1,8904,904,353,0,551,40
2008-06-01,509734,147936,279.0,43.0,657992.0,49030,1360521,3664087,548268.0,270524.0,5843400.0,173656,2974,243101,45376.0,6676.0,298127.0,349363,1052261,385756.0,105698.0,1893078.0,601242,853501,1454743,6631399,2244470,8875869,14815,7421,8,7386,0,0,14815,13452,7043,4,6405,0,0,13452,867,378,4,485,0,0,867,12593,6434,3,6156,12439,6386,3,6050,782,353,3,426,40
2008-07-01,484046,146387,277.0,44.0,630754.0,49280,1327438,3767648,413285.0,273434.0,5781805.0,166179,2632,230233,36905.0,2898.0,272668.0,349856,1063117,299151.0,130878.0,1843002.0,554468,867539,1422007,6854377,2294160,9148537,21573,11978,2,9593,0,0,21573,15033,7262,1,7770,0,0,15033,6540,4716,1,1823,0,0,6540,16167,8765,1,7401,13720,6437,1,7282,6105,4371,1,1733,40
2008-08-01,487922,146058,270.0,43.0,634293.0,48470,1338353,3777680,461132.0,236933.0,5814098.0,172112,2900,239858,33391.0,3514.0,279663.0,348477,1082542,340786.0,99512.0,1871317.0,569187,878768,1447955,7078887,2349313,9428200,14425,7195,4,7226,0,0,14425,13428,6801,2,6625,0,0,13428,997,394,2,601,0,0,997,12632,6230,2,6400,12411,6161,1,6249,901,359,2,540,40
2008-09-01,543288,149142,243.0,45.0,692718.0,47125,1439314,3777476,531717.0,344413.0,6092920.0,182644,3016,234081,17194.0,6265.0,260556.0,357327,1131008,411091.0,184716.0,2084142.0,577997,1019091,1597088,7306556,2382200,9688756,18905,10591,6,8308,0,0,18905,17913,10207,4,7702,0,0,17913,992,384,2,606,0,0,992,16552,9071,3,7478,16345,9033,3,7309,885,342,2,541,40
2008-10-01,590085,158140,246.0,47.0,748518.0,49067,1556654,3863858,456777.0,323229.0,6200518.0,195784,3169,239450,24151.0,2961.0,269731.0,375300,1096323,267162.0,170624.0,1909409.0,523801,946822,1470623,7534543,2423944,9958487,20877,11591,9,9277,0,0,20877,19757,11187,4,8566,0,0,19757,1120,404,5,711,0,0,1120,18213,9974,3,8236,18060,9940,2,8118,1013,365,3,645,40
2008-11-01,535912,150639,280.0,47.0,686878.0,47000,1383024,3507630,469713.0,300477.0,5660844.0,178018,2441,234470,74413.0,8185.0,319509.0,347022,1015498,359655.0,181426.0,1903601.0,567751,921512,1489263,7820626,2457370,10277996,17902,8926,9,8967,0,0,17902,16621,8482,5,8134,0,0,16621,837,444,4,389,0,0,837,15707,7825,3,7879,15413,7637,3,7773,785,427,3,355,40
2008-12-01,496883,145517,264.0,46.0,642710.0,46276,1285219,3530685,414022.0,332105.0,5562031.0,157817,2083,215731,28828.0,14032.0,260674.0,334842,1054213,282826.0,169529.0,1841410.0,545549,885574,1431123,8044638,2494032,10538670,16761,10267,5,6489,0,0,16761,16172,9962,3,6207,0,0,16172,589,305,2,282,0,0,589,15138,9208,3,5927,14851,9017,3,5831,542,284,2,256,40
2009-01-01,562440,157816,264.0,49.0,720569.0,49755,1456239,3772398,424266.0,334072.0,5986975.0,198224,2382,217837,42449.0,13874.0,276542.0,369180,1051788,284675.0,183168.0,1888811.0,555311,885969,1441280,8278826,2536386,10815212,21868,13069,14,8785,0,307,21561,21406,12907,9,8490,0,307,21099,462,162,5,295,0,0,462,19891,12073,3,7815,19660,11955,3,7702,438,162,3,273,42
2009-02-01,550159,152911,272.0,51.0,703393.0,47511,1422414,3454207,363865.0,434079.0,5674565.0,192331,2975,199770,40095.0,6160.0,249000.0,362426,993152,242745.0,295041.0,1893364.0,545970,912268,1458238,8487425,2576787,11064212,28532,15898,3,12631,0,5828,22704,25747,15776,1,9970,0,5828,19919,1977,122,2,1853,0,0,1977,24187,14740,2,9445,23986,14662,1,9323,1946,122,2,1822,42
2009-03-01,580964,160365,260.0,52.0,741641.0,50339,1514754,3838851,576468.0,385222.0,6315295.0,204709,2414,232441,45693.0,20238.0,300786.0,382421,1112216,424818.0,236918.0,2156373.0,770037,901584,1671621,8738857,2626141,11364998,25710,16583,9,9118,0,7110,18600,25145,16339,5,8801,0,7109,18036,565,244,4,317,0,1,564,23832,15498,4,8330,23540,15325,4,8211,552,242,4,306,42
2009-04-01,520813,151818,250.0,53.0,672934.0,47470,1367045,3545633,430261.0,316042.0,5658981.0,184747,1977,206497,27339.0,8813.0,244626.0,359267,1022372,296721.0,172490.0,1850850.0,581005,861290,1442295,8943170,2666454,11609624,31603,23592,2,8009,0,15960,15643,31299,23546,1,7752,0,15960,15339,304,46,1,257,0,0,304,30050,22776,1,7273,29952,22763,1,7188,278,43,1,234,42
2009-05-01,517668,155040,265.0,54.0,673027.0,48156,1368810,3698646,628967.0,244233.0,5940656.0,182593,2119,216847,23699.0,6816.0,249481.0,360697,1116142,463556.0,133605.0,2074000.0,651541,973272,1624813,9157827,2701278,11859105,29190,21359,14,7817,0,13030,16160,28555,21107,7,7441,0,13030,15525,635,252,7,376,0,0,635,27454,20430,6,7018,27109,20238,5,6866,590,251,6,333,42
2009-06-01,465399,147834,248.0,55.0,613536.0,46852,1261849,3418814,463321.0,333209.0,5477193.0,173136,1928,183179,16524.0,25836.0,227467.0,342873,978850,324386.0,170527.0,1816636.0,537209,877120,1414329,9352279,2734293,12086572,28560,19162,2,9396,0,13313,15247,27752,19087,2,8663,0,13313,14439,345,75,0,270,0,0,345,26749,18567,1,8181,26605,18530,1,8074,319,75,0,244,42
2009-07-01,439122,144592,231.0,52.0,583997.0,46374,1200410,3368822,416747.0,274367.0,5260346.0,170559,1816,181469,19603.0,11841.0,214729.0,335309,966519,262449.0,136784.0,1701061.0,482809,854737,1337546,9524034,2777267,12301301,15006,6297,3,8706,0,2054,12952,14133,6196,1,7936,0,2054,12079,394,101,2,291,0,0,394,13196,5625,2,7569,13004,5553,1,7450,367,100,2,265,42
2009-08-01,438869,144786,234.0,49.0,583938.0,45928,1199498,3453949,444400.0,237624.0,5335471.0,178135,2467,185349,27702.0,4613.0,220131.0,340535,1001390,299851.0,94720.0,1736496.0,461652,906233,1367885,9701598,2819834,12521432,12642,5282,2,7358,0,8,12634,12289,5209,1,7079,0,8,12281,353,73,1,279,0,0,353,11295,4581,1,6713,11141,4543,1,6597,333,73,1,259,42
2009-09-01,466550,144872,237.0,56.0,611715.0,44441,1241820,3375906,482783.0,309548.0,5410057.0,177449,2399,181337,14547.0,12357.0,210640.0,343366,1026570,349590.0,159339.0,1878865.0,483508,965934,1449442,9882476,2849596,12732072,13706,6603,0,7103,0,0,13706,13257,6397,0,6860,0,0,13257,449,206,0,243,0,0,449,12439,5866,0,6573,12146,5693,0,6453,441,206,0,235,42
2009-10-01,507438,151843,226.0,53.0,659560.0,45969,1334122,3441714,442834.0,289233.0,5507903.0,187913,2678,207682,21630.0,6557.0,238547.0,358608,1021159,307466.0,141965.0,1829198.0,548707,883467,1432174,10088537,2882082,12970619,28522,19895,1,8626,0,12637,15885,26679,19769,0,6910,0,12637,14042,354,126,1,227,0,0,354,25742,19140,1,6601,25595,19085,0,6510,346,125,1,220,42
2009-11-01,490860,150140,205.0,48.0,641253.0,45378,1279742,3343692,357526.0,297280.0,5278240.0,177282,2079,189268,14742.0,4945.0,211034.0,349659,1015357,254526.0,155988.0,1775530.0,445407,942834,1388241,10269680,2911973,13181653,22474,15858,3,6613,0,9087,13387,22170,15777,1,6392,0,9086,13084,304,81,2,221,0,1,303,21165,15089,2,6074,21030,15056,1,5973,297,79,2,216,42
2009-12-01,459778,142765,217.0,49.0,602809.0,43696,1182858,3283008,1012153.0,332567.0,5810586.0,160966,2118,192460,23222.0,11637.0,229437.0,331980,1033652,804966.0,184905.0,2355503.0,534818,1297401,1832219,10466093,2944997,13411090,24735,17890,6,6839,0,12132,12603,24418,17831,3,6584,0,12132,12286,317,59,3,255,0,0,317,23450,17212,3,6235,23316,17190,3,6123,305,58,3,244,42
2010-01-01,510522,152737,207.0,52.0,663518.0,45976,1329418,3485853,382306.0,296858.0,5494435.0,192851,2484,201224,22451.0,13085.0,239244.0,359085,1018200,265857.0,147715.0,1790857.0,549091,858212,1407303,10670679,2979655,13650334,28794,21155,1,7638,0,14957,13837,28025,21104,1,6920,0,14957,13068,271,51,0,220,0,0,271,27095,20545,1,6549,26972,20524,1,6447,267,51,0,216,48
2010-02-01,491209,148055,215.0,53.0,639532.0,44188,1277580,3262679,288113.0,386970.0,5215342.0,185110,2210,198498,14553.0,6411.0,221672.0,349391,984630,186303.0,155727.0,1676051.0,443262,862170,1305432,10863077,3008929,13872006,26035,18466,5,7564,0,11278,14757,25581,18223,2,7356,0,11278,14303,454,243,3,208,0,0,454,24655,17727,3,6925,24366,17526,2,6838,446,243,3,200,48
2010-03-01,522035,155321,205.0,57.0,677618.0,46543,1367065,3536704,361112.0,410074.0,5674955.0,191352,3191,215926,27274.0,9122.0,255513.0,371763,1061083,247899.0,216101.0,1896846.0,557625,912393,1470018,11088026,3039493,14127519,32348,21870,8,10470,0,13303,19045,31930,21691,4,10235,0,13303,18627,418,179,4,235,0,0,418,30728,20949,1,9778,30472,20804,1,9667,403,178,1,224,48
2010-04-01,499217,147670,193.0,57.0,647137.0,44753,1327893,3373955,522597.0,396605.0,5621050.0,169951,1947,186661,23635.0,25634.0,237877.0,368046,1024170,396992.0,241328.0,2030536.0,654793,946850,1601643,11288087,3077309,14365396,20267,12785,5,7477,0,5241,15026,19866,12586,4,7276,0,5241,14625,401,199,1,201,0,0,401,18870,11951,2,6917,18708,11883,2,6823,394,198,1,195,48
2010-05-01,498237,148071,196.0,62.0,646566.0,45179,1300280,3387496,373986.0,453354.0,5515116.0,168372,2032,192933,32689.0,10995.0,238649.0,360158,1031022,272155.0,240153.0,1903488.0,520078,961246,1481324,11495217,3108828,14604045,21609,13777,7,7825,0,7002,14607,21364,13733,4,7627,0,7002,14362,245,44,3,198,0,0,245,20326,13081,2,7243,20222,13068,2,7152,239,44,2,193,48
2010-06-01,437325,134256,205.0,63.0,571849.0,41571,1123900,3133582,572066.0,483175.0,5312723.0,134593,2117,173332,13434.0,7627.0,196510.0,324608,956877,458277.0,281923.0,2021685.0,519892,1062259,1582151,11662747,3137808,14800555,18392,11021,6,7365,0,6010,12382,18083,10974,4,7105,0,6010,12073,309,47,2,260,0,0,309,17355,10517,4,6834,17216,10496,4,6716,290,46,2,242,48
2010-07-01,421716,130862,202.0,56.0,552836.0,41021,1130333,3196240,284133.0,366165.0,4976871.0,132677,2061,171811,14427.0,4996.0,193295.0,329048,982277,191396.0,234457.0,1737178.0,472325,901366,1373691,11826526,3167324,14993850,14611,8065,11,6535,0,3944,10667,14344,7994,6,6344,0,3944,10400,267,71,5,191,0,0,267,13608,7597,3,6008,13473,7549,3,5921,258,71,3,184,48
2010-08-01,427543,132067,198.0,59.0,559867.0,41679,1145847,3347732,344749.0,395381.0,5233709.0,133813,1864,212747,15323.0,8168.0,238102.0,335541,1042304,244825.0,200853.0,1823523.0,506661,932493,1439154,12029385,3202567,15231952,16778,10513,6,6259,0,6000,10778,16497,10469,3,6025,0,6000,10497,281,44,3,234,0,0,281,15614,9923,3,5688,15496,9906,3,5587,274,43,3,228,48
2010-09-01,444873,129474,209.0,62.0,574618.0,40036,1159999,3307890,328358.0,612321.0,5408568.0,136776,1644,215316,16203.0,6045.0,239208.0,338436,1070743,218033.0,451274.0,2078486.0,581466,1040284,1621750,12236340,3234820,15471160,23933,15373,10,8550,0,9066,14867,23595,15254,5,8336,0,9066,14529,338,119,5,214,0,0,338,22503,14548,5,7950,22338,14468,5,7865,331,118,5,208,48
2010-10-01,472434,133667,203.0,64.0,606368.0,40654,1223700,3344433,322792.0,738443.0,5629368.0,143903,1786,279424,10764.0,4375.0,296349.0,344275,1097268,227010.0,572773.0,2241326.0,652909,1118138,1771047,12503467,3264042,15767509,26404,18598,2,7804,0,11023,15381,26171,18557,1,7613,0,11023,15148,233,41,1,191,0,0,233,25036,17714,1,7321,24933,17702,1,7230,230,41,1,188,48
2010-11-01,455825,130647,221.0,66.0,586759.0,39907,1154582,3138686,259701.0,777017.0,5329986.0,139357,1360,203972,10837.0,32761.0,248930.0,335828,1029444,175287.0,572889.0,2113448.0,609862,1049693,1659555,12720560,3295879,16016439,26180,18707,2,7471,0,11212,14968,25723,18481,1,7241,0,11212,14511,457,226,1,230,0,0,457,24866,17874,1,6991,24599,17702,1,6896,450,225,1,224,48
2010-12-01,432259,125773,220.0,68.0,558320.0,39096,1101030,3049390,226972.0,625273.0,5002665.0,126976,1323,213991,6503.0,35895.0,257712.0,324885,1023191,146309.0,396546.0,1890931.0,503439,971175,1474614,12949117,3325034,16274151,18652,11829,11,6812,0,6390,12262,18429,11801,6,6622,0,6390,12039,223,28,5,190,0,0,223,17546,11278,5,6263,17456,11269,5,6182,215,28,5,182,48
2011-01-01,486464,140051,210.0,74.0,626799.0,43283,1253269,3426126,269957.0,609072.0,5558424.0,152592,1922,240326,17058.0,45909.0,305215.0,357135,1136101,185737.0,391418.0,2070391.0,606666,1002671,1609337,13223710,3355656,16579366,30495,23154,4,7337,0,16420,14075,30225,23094,2,7129,0,16420,13805,270,60,2,208,0,0,270,29143,22314,2,6827,29027,22304,2,6721,267,59,2,206,49
2011-02-01,412842,140979,194.0,68.0,554083.0,42244,1053904,3063069,245947.0,430044.0,4792964.0,147790,2174,148803,20288.0,34938.0,206203.0,322838,997114,167994.0,276114.0,1764060.0,482187,896815,1379002,13404089,3381480,16785569,26724,20033,8,6683,0,14571,12153,26495,19995,4,6496,0,14571,11924,229,38,4,187,0,0,229,25704,19493,3,6208,25603,19476,3,6124,222,38,3,181,49
2011-03-01,408124,152388,211.0,70.0,560793.0,44526,1050304,3162962,251361.0,380595.0,4845222.0,162313,1625,159673,6775.0,26949.0,195022.0,323292,956515,170414.0,232311.0,1682532.0,425245,882503,1307748,13571844,3408747,16980591,29222,21602,7,7613,0,15981,13241,28955,21501,4,7450,0,15981,12974,267,101,3,163,0,0,267,28042,20959,2,7081,27910,20899,2,7009,254,96,2,156,49
2011-04-01,386564,142716,181.0,73.0,529534.0,42626,991717,2967226,297593.0,412167.0,4668703.0,155985,1589,151854,5385.0,9533.0,168361.0,306621,909335,211983.0,253316.0,1681255.0,369541,930191,1299732,13714290,3434662,17148952,19945,13120,9,6816,0,8554,11391,19779,13093,5,6681,0,8554,11225,166,27,4,135,0,0,166,19088,12719,3,6366,19015,12710,2,6303,163,27,3,133,49
2011-05-01,392742,141506,194.0,77.0,534519.0,42059,1000888,3021783,243613.0,422823.0,4689107.0,154443,1709,144698,6051.0,31326.0,183784.0,313752,926867,169684.0,244566.0,1654869.0,398779,887772,1286551,13872762,3459974,17332736,21122,14418,4,6700,0,9072,12050,20852,14341,2,6509,0,9072,11780,270,77,2,191,0,0,270,20016,13879,3,6134,19878,13825,2,6051,267,76,2,189,49
2011-06-01,369107,139072,200.0,77.0,508456.0,40895,971770,2983828,284875.0,567956.0,4808429.0,146513,1630,158097,7452.0,26929.0,194108.0,304865,965332,209597.0,326733.0,1806527.0,452776,960625,1413401,14041805,3485039,17526844,21632,14591,9,7032,0,10587,11045,21358,14537,7,6814,0,10587,10771,274,54,2,218,0,0,274,20523,14085,3,6435,20403,14060,3,6340,271,54,2,215,49
2011-07-01,359630,138700,208.0,81.0,498619.0,40700,954569,3072671,270293.0,557274.0,4854807.0,151322,1573,161449,9662.0,27122.0,199806.0,299991,981216,187659.0,348092.0,1816958.0,437867,979002,1416869,14215703,3510947,17726650,21688,15121,3,6564,0,12094,9594,21482,15071,2,6409,0,12094,9388,206,50,1,155,0,0,206,20500,14393,2,6105,20417,14377,2,6038,204,48,1,155,49
2011-08-01,371035,141920,204.0,72.0,513231.0,41103,979662,3129475,341046.0,379845.0,4830028.0,157808,1683,185194,6288.0,22795.0,215960.0,308779,1018492,253555.0,206615.0,1787441.0,522883,908083,1430966,14402016,3540594,17942610,46058,38517,4,7537,0,34482,11576,45824,38470,2,7352,0,34482,11342,234,47,2,185,0,0,234,44993,38006,2,6985,44902,37993,2,6907,233,47,2,184,49
2011-09-01,365065,141520,186.0,76.0,506847.0,40911,937599,2950552,314808.0,590979.0,4793938.0,157606,1394,167870,8336.0,32010.0,209610.0,303190,971517,196534.0,404369.0,1875610.0,520637,980838,1501475,14581767,3570453,18152220,51287,44261,10,7016,0,39332,11955,51060,44193,6,6861,0,39332,11728,227,68,4,155,0,0,227,49554,43008,5,6541,49453,42985,4,6464,217,67,4,146,49
2011-10-01,395532,141397,202.0,75.0,537206.0,41131,1003930,2990680,238331.0,421045.0,4653986.0,154897,1536,163987,6828.0,36131.0,208482.0,311463,955636,169930.0,246531.0,1683560.0,459661,865038,1324699,14761443,3599259,18360702,50735,43709,7,7019,0,28708,22027,50434,43591,3,6840,0,28708,21726,301,118,4,179,0,0,301,39810,33323,3,6484,39643,33245,2,6396,289,116,3,170,49
2011-11-01,390170,136963,191.0,72.0,527396.0,39799,993337,2964886,251486.0,371026.0,4580735.0,148244,1403,160592,9189.0,32829.0,204013.0,308265,970673,171047.0,210788.0,1660773.0,461573,861076,1322649,14939154,3625561,18564715,39160,32693,6,6461,0,26727,12433,38943,32614,3,6326,0,26727,12216,217,79,3,135,0,0,217,36163,30156,3,6004,36061,30125,3,5933,213,79,3,131,49
2011-12-01,368349,131593,197.0,81.0,500220.0,39452,936224,2993879,402624.0,481782.0,4814509.0,132992,1269,157238,8014.0,21917.0,188438.0,296441,987039,296874.0,304559.0,1884913.0,620650,906233,1526883,15102314,3650839,18753153,21446,14629,3,6814,0,9581,11865,20717,14573,1,6143,0,9581,11136,231,56,2,173,0,0,231,19895,14070,2,5823,19802,14060,1,5741,226,53,2,171,49
2012-01-01,389186,140259,204.0,83.0,529732.0,40469,1002533,3164564,274118.0,569736.0,5010951.0,151583,1550,162780,7399.0,33035.0,204764.0,311159,1046564,198713.0,333435.0,1889871.0,491233,1003874,1495107,15279549,3678368,18957917,22600,15937,4,6659,0,10191,12409,22371,15883,3,6485,0,10191,12180,229,54,1,174,0,0,229,21424,15204,3,6217,21319,15191,3,6125,229,54,1,174,50
2012-02-01,377288,136789,193.0,83.0,514353.0,39869,973429,2971160,297109.0,518935.0,4760633.0,142725,1670,156868,11592.0,35525.0,205655.0,310681,978923,228295.0,279872.0,1797771.0,507508,916636,1424144,15458986,3704586,19163572,20313,13120,7,7186,0,7015,13298,20043,13045,4,6994,0,7015,13028,270,75,3,192,0,0,270,19115,12472,4,6639,19001,12446,3,6552,261,71,3,187,50
2012-03-01,383673,135668,185.0,78.0,519604.0,40962,995685,3109098,200599.0,573016.0,4878398.0,132624,1617,199936,6174.0,34615.0,242342.0,314188,1056134,151957.0,365425.0,1887704.0,536941,958054,1494995,15675563,3730351,19405914,23688,17461,7,6220,0,12288,11400,23476,17405,4,6067,0,12288,11188,212,56,3,153,0,0,212,22544,16746,2,5796,22460,16736,2,5722,206,56,2,148,50
2012-04-01,372468,131517,178.0,84.0,504247.0,39626,964753,3122462,187180.0,445096.0,4719491.0,121843,1758,227801,8016.0,30060.0,267635.0,310588,1112952,134068.0,267089.0,1824697.0,558048,912837,1470885,15915367,3758182,19673549,19245,13290,10,5945,0,8496,10749,18989,13242,5,5742,0,8496,10493,256,48,5,203,0,0,256,18104,12640,4,5460,17994,12625,4,5365,249,48,3,198,50
2012-05-01,374192,133699,181.0,79.0,508151.0,39594,976666,3166303,177346.0,630575.0,4950890.0,124449,1735,178467,6666.0,25750.0,212618.0,311522,1125548,125411.0,425999.0,1988480.0,547065,1036409,1583474,16096236,3789931,19886167,22999,16227,10,6762,0,10767,12232,22750,16179,6,6565,0,10767,11983,249,48,4,197,0,0,249,21858,15645,4,6209,21755,15634,4,6117,244,46,3,195,50
2012-06-01,335417,122897,197.0,77.0,458588.0,37761,884567,2910021,186173.0,404919.0,4385680.0,118956,1460,153427,6404.0,21593.0,182884.0,287411,991466,133143.0,235495.0,1647515.0,416503,901557,1318060,16249334,3819717,20069051,19008,12917,0,6091,0,8620,10388,18811,12832,0,5979,0,8620,10191,197,85,0,112,0,0,197,17685,12059,0,5626,17618,12025,0,5593,193,84,0,109,50
2012-07-01,334103,124626,156.0,78.0,458963.0,38742,916033,2972011,195252.0,555421.0,4638717.0,122904,1476,154835,3713.0,38345.0,198369.0,292953,955629,143270.0,348994.0,1740846.0,459502,943619,1403121,16416456,3850964,20267420,17664,12037,3,5624,0,8646,9018,17511,11995,1,5515,0,8646,8865,153,42,2,109,0,0,153,16252,11028,2,5222,16187,11014,1,5172,149,41,2,106,50
2012-08-01,333879,125317,175.0,79.0,459450.0,38356,929648,3070006,166396.0,474285.0,4640335.0,124713,1328,146933,3594.0,22845.0,174700.0,295527,999361,122229.0,279857.0,1696974.0,418774,934477,1353251,16563186,3878934,20442120,42493,36815,1,5677,0,33147,9346,42373,36779,1,5593,0,33147,9226,120,36,0,84,0,0,120,41094,35898,1,5195,41065,35889,1,5175,117,36,0,81,50
2012-09-01,330301,121743,167.0,79.0,452290.0,36798,886644,2848618,226148.0,872707.0,4834117.0,126097,1330,145625,8476.0,26228.0,181659.0,294012,970221,175954.0,690301.0,2130488.0,909236,864913,1774149,16719784,3903995,20623779,63058,56977,3,6078,0,51859,11199,62938,56928,1,6009,0,51859,11079,120,49,2,69,0,0,120,61522,55880,2,5640,61477,55856,1,5620,118,49,2,67,50
2012-10-01,372501,128552,181.0,85.0,501319.0,38928,964403,3020113,225301.0,757208.0,4967025.0,137299,1478,161146,7445.0,40527.0,210596.0,310084,1050473,173852.0,549244.0,2083653.0,709338,994536,1703874,16905271,3929104,20834375,46554,39160,9,7385,0,33245,13309,46400,39125,5,7270,0,33245,13155,154,35,4,115,0,0,154,45593,38641,3,6949,45564,38635,3,6926,151,35,2,114,50
2012-11-01,362582,126195,159.0,80.0,489016.0,37923,915882,2817904,176018.0,689471.0,4599275.0,140870,1445,150557,5547.0,31484.0,189033.0,304897,961829,130323.0,472760.0,1869809.0,419326,1045844,1465170,17070872,3952536,21023408,35618,29556,9,6053,0,23985,11633,35495,29518,4,5973,0,23985,11510,123,38,5,80,0,0,123,34823,29102,5,5716,34783,29089,4,5690,121,38,5,78,50
2012-12-01,345220,121050,165.0,79.0,466514.0,36668,873393,2890845,233173.0,539186.0,4536597.0,128264,1370,147864,6129.0,28065.0,183428.0,296258,967886,169392.0,321163.0,1754699.0,403441,984595,1388036,17227647,3979189,21206836,16057,9605,2,6450,0,4835,11222,15928,9567,1,6360,0,4835,11093,129,38,1,90,0,0,129,15168,9133,1,6034,15133,9125,1,6007,128,38,1,89,50
2013-01-01,373816,129165,154.0,84.0,503219.0,38567,953545,3052777,280958.0,582416.0,4869696.0,130329,1447,152940,6378.0,29166.0,189931.0,314563,1011598,205930.0,362024.0,1894115.0,466351,1029336,1495687,17391925,4004842,21396767,25925,18850,4,7071,0,13368,12557,25700,18796,2,6902,0,13368,12332,225,54,2,169,0,0,225,24857,18333,2,6522,24785,18314,2,6469,222,53,2,167,50
2013-02-01,342937,122500,159.0,75.0,465671.0,36570,866190,2762611,194238.0,1233054.0,5056093.0,133201,1665,141822,3434.0,29608.0,176529.0,294021,966563,107950.0,936008.0,2304542.0,431949,1339064,1771013,17546032,4027264,21573296,18293,11720,10,6563,0,6586,11707,18167,11684,6,6477,0,6586,11581,126,36,4,86,0,0,126,17487,11275,4,6208,17454,11269,4,6181,124,35,4,85,50
2013-03-01,353959,128563,107.0,74.0,482703.0,38920,920683,2954556,131492.0,2245092.0,6251823.0,148076,1432,165031,4477.0,21940.0,192880.0,304955,1010340,85857.0,1923616.0,3324768.0,714660,2033915,2748575,17714292,4051884,21766176,16293,9429,2,6862,0,4275,12018,16161,9395,1,6765,0,4275,11886,132,34,1,97,0,0,132,15439,8970,1,6468,15399,8963,1,6435,128,34,1,93,50
2013-04-01,343803,125011,116.0,76.0,469006.0,39100,910010,2970273,120790.0,532230.0,4533303.0,122666,1469,153068,5909.0,20580.0,181026.0,299664,972337,76213.0,366409.0,1714623.0,464253,920428,1384681,17870406,4076796,21947202,16563,9666,6,6891,0,4277,12286,16316,9573,3,6740,0,4277,12039,247,93,3,151,0,0,247,15681,9178,2,6501,15585,9125,2,6458,242,93,2,147,50
2013-05-01,373997,124508,109.0,81.0,498695.0,38418,988683,2911657,79954.0,405542.0,4385836.0,122597,1485,146259,9170.0,20524.0,177438.0,313729,944064,40020.0,240583.0,1538396.0,414250,818868,1233118,18023582,4101058,22124640,30948,23854,6,7088,0,17903,13045,30750,23778,4,6968,0,17903,12847,198,76,2,120,0,0,198,30006,23308,4,6694,29924,23267,4,6653,193,76,2,115,50
2013-06-01,333408,113359,100.0,85.0,446952.0,35199,895377,2793130,73775.0,438764.0,4201046.0,117619,1344,152151,8213.0,21733.0,183441.0,293693,943896,31972.0,266135.0,1535696.0,434819,813290,1248109,18181363,4126718,22308081,52609,45823,3,6783,0,41058,11551,52205,45532,1,6672,0,41058,11147,404,291,2,111,0,0,404,51563,45169,2,6392,51517,45154,1,6362,395,291,2,102,50
2013-07-01,303200,121752,95.0,83.0,425130.0,35440,809256,2745180,67205.0,366396.0,3988037.0,139654,1551,181835,7111.0,13080.0,203577.0,280513,915786,27584.0,202258.0,1426141.0,420507,754433,1174940,18359611,4152047,22511658,63891,57511,2,6378,0,54631,9260,63761,57482,1,6278,0,54631,9130,130,29,1,100,0,0,130,63170,57192,1,5977,63145,57187,1,5957,123,29,1,93,50
2013-08-01,278371,123690,109.0,79.0,402249.0,35441,750454,2702490,169826.0,406946.0,4029716.0,155062,1344,152782,18703.0,16943.0,189772.0,266670,887553,119933.0,239628.0,1513784.0,435972,810182,1246154,18523875,4177555,22701430,56343,50235,1,6107,0,47065,9278,56204,50202,1,6001,0,47065,9139,139,33,0,106,0,0,139,55648,49922,1,5725,55601,49912,1,5688,137,33,0,104,50
2013-09-01,286077,117543,107.0,74.0,403801.0,33276,750896,2550220,105165.0,460960.0,3867241.0,151301,1120,143857,9368.0,12743.0,167088.0,272476,872145,64447.0,256232.0,1465300.0,402356,801239,1203595,18668028,4200490,22868518,10800,4201,0,6599,0,0,10800,10674,4166,0,6508,0,0,10674,126,35,0,91,0,0,126,10120,3841,0,6279,10066,3819,0,6247,126,35,0,91,50
2013-10-01,336746,122815,114.0,77.0,459752.0,36094,869236,2756483,49216.0,426432.0,4101367.0,156981,1364,155139,7061.0,13869.0,177433.0,297185,929475,32398.0,219310.0,1478368.0,395955,806921,1202876,18817952,4227999,23045951,99498,92788,1,6709,0,87443,12055,99398,92771,1,6626,0,87443,11955,100,17,0,83,0,0,100,98710,92294,1,6415,98681,92290,1,6390,97,17,0,80,50
2013-11-01,323263,119453,100.0,78.0,442894.0,35522,833998,2696282,50729.0,368761.0,3949770.0,150282,1182,145292,7679.0,27589.0,181742.0,289020,919791,35130.0,182034.0,1425975.0,356569,803104,1159673,18973061,4254632,23227693,152786,146382,7,6397,0,141990,10796,152656,146335,4,6317,0,141990,10666,130,47,3,80,0,0,130,152031,145950,4,6077,151976,145926,4,6046,129,47,3,79,50
2013-12-01,310124,116025,116.0,77.0,426342.0,35041,818540,2977171,65536.0,402096.0,4263343.0,148924,1381,150141,7098.0,22485.0,181105.0,281215,1086839,50428.0,226871.0,1645353.0,514551,850583,1365134,19129764,4279034,23408798,78311,71957,2,6352,0,68051,10260,78093,71875,1,6217,0,68051,10042,218,82,1,135,0,0,218,77516,71558,1,5957,77417,71493,1,5923,214,82,1,131,50
2014-01-01,331861,125439,111.0,83.0,457494.0,36856,907396,2894650,77948.0,524655.0,4404649.0,156897,1283,151134,9971.0,26794.0,189182.0,304773,956006,61244.0,305681.0,1627704.0,422823,887037,1309860,19292074,4305906,23597980,34086,27271,0,6815,0,21890,12196,33930,27238,0,6692,0,21890,12040,156,33,0,123,0,0,156,33217,26816,0,6401,33188,26811,0,6377,149,33,0,116,50
2014-02-01,301471,117686,101.0,80.0,419338.0,35070,801190,2661568,62449.0,374316.0,3899523.0,137417,1212,142229,7716.0,25452.0,176609.0,276776,898544,49492.0,182809.0,1407621.0,359546,771760,1131306,19443220,4331369,23774589,26035,19474,3,6558,0,14590,11445,25902,19449,1,6452,0,14590,11312,133,25,2,106,0,0,133,25244,19080,2,6162,25202,19070,1,6131,117,25,2,90,50
2014-03-01,321853,125405,91.0,82.0,447431.0,37910,880936,2880720,47589.0,422633.0,4231878.0,151925,1228,149298,9291.0,29488.0,189305.0,299580,948081,37188.0,210424.0,1495273.0,388269,813560,1201829,19608069,4355825,23963894,22530,14627,0,7903,0,9073,13457,22395,14597,0,7798,0,9073,13322,135,30,0,105,0,0,135,21338,14078,0,7260,21294,14068,0,7226,134,30,0,104,50
2014-04-01,297977,122982,89.0,78.0,421126.0,36470,809565,2712820,43178.0,471073.0,4036636.0,148995,1149,137893,6543.0,26220.0,171805.0,283770,917845,31839.0,262965.0,1496419.0,366304,828260,1194564,19756772,4378927,24135699,23905,16752,2,7151,0,11703,12202,23776,16723,1,7052,0,11703,12073,129,29,1,99,0,0,129,23120,16360,1,6759,23076,16354,1,6721,125,28,1,96,50
2014-05-01,287312,130709,90.0,77.0,418188.0,37452,778135,2823980,36985.0,457303.0,4096403.0,162681,1212,144931,7958.0,25257.0,179358.0,277397,952943,27469.0,261547.0,1519356.0,425076,808731,1233807,19912377,4402680,24315057,24372,16464,5,7903,0,11190,13182,24236,16444,3,7789,0,11190,13046,136,20,2,114,0,0,136,23486,16084,3,7399,23456,16082,3,7371,130,20,2,108,50
2014-06-01,255760,117933,86.0,84.0,373863.0,34672,709119,2630082,42885.0,390279.0,3772365.0,152827,1031,133960,7360.0,18444.0,160795.0,255636,891865,31940.0,173440.0,1352881.0,355079,751580,1106659,20050118,4425734,24475852,21217,14629,4,6584,0,11580,9637,21106,14603,2,6501,0,11580,9526,111,26,2,83,0,0,111,20563,14306,2,6255,20530,14300,2,6228,109,26,1,82,50
2014-07-01,241310,126611,92.0,86.0,368099.0,36416,690540,2710345,63731.0,489193.0,3953809.0,194215,1109,135090,5636.0,21143.0,162978.0,249518,921823,52058.0,292479.0,1515878.0,439627,816672,1256299,20185457,4453373,24638830,16113,7488,2,8623,199,5059,10855,15522,7469,1,8052,0,5059,10463,100,19,1,80,0,0,100,14807,7162,1,7644,14779,7157,1,7621,97,19,1,77,50
2014-08-01,254167,126703,100.0,89.0,381059.0,36345,726113,2793256,34586.0,404549.0,3958504.0,330290,1153,135886,5700.0,30053.0,172792.0,259099,966873,24261.0,214403.0,1464636.0,375754,836647,1212401,20333406,4478216,24811622,15126,6764,4,8358,0,4025,11101,14998,6740,2,8256,0,4025,10973,128,24,2,102,0,0,128,14353,6440,2,7911,14324,6439,2,7883,128,24,2,102,50
2014-09-01,255714,123522,94.0,85.0,379415.0,34988,703451,2606034,41793.0,452548.0,3803826.0,236425,923,132382,5651.0,22260.0,161216.0,256048,885950,21209.0,233474.0,1396681.0,377819,749011,1126830,20471830,4501008,24972838,14589,7178,5,7406,0,2545,12044,14483,7154,3,7326,0,2545,11938,106,24,2,80,0,0,106,13844,6791,3,7050,13815,6782,3,7030,100,24,2,74,50
2014-10-01,275696,130081,86.0,84.0,405947.0,37148,749268,2709748,48090.0,376482.0,3883588.0,239640,1122,157065,5090.0,22067.0,185344.0,271655,903253,28025.0,197759.0,1400692.0,399688,739146,1138834,20631002,4527180,25158182,24439,16468,2,7969,0,10961,13478,24280,16405,0,7875,0,10961,13319,159,63,2,94,0,0,159,23540,15985,2,7553,23463,15936,0,7527,158,63,2,93,50
2014-11-01,265432,126255,93.0,80.0,391860.0,36323,728343,2657301,36799.0,403672.0,3826115.0,233741,1236,174334,3940.0,20240.0,199750.0,266120,916143,27381.0,222728.0,1432372.0,363591,804075,1167666,20805112,4552820,25357932,22344,14923,2,7419,0,9820,12524,22209,14877,1,7331,0,9820,12389,135,46,1,88,0,0,135,21527,14510,1,7016,21474,14482,1,6991,132,46,1,85,50
2014-12-01,250432,122464,85.0,84.0,373065.0,35738,720400,2806834,30927.0,476778.0,4034939.0,224295,1273,216311,2774.0,21396.0,241754.0,262905,983822,23536.0,246226.0,1516489.0,455345,799379,1254724,21023699,4575987,25599686,43089,35358,0,7731,0,30085,13004,42954,35345,0,7609,0,30085,12869,135,13,0,122,0,0,135,42262,34948,0,7314,42217,34943,0,7274,134,13,0,121,50
2015-01-01,268193,131367,93.0,86.0,399739.0,37926,781006,3052657,46895.0,418190.0,4298748.0,232473,917,237439,3206.0,21841.0,263403.0,278630,1051298,21436.0,203885.0,1555249.0,440754,841189,1281943,21260031,4603058,25863089,73100,64614,7,8479,0,59017,14083,72930,64589,4,8337,0,59017,13913,170,25,3,142,0,0,170,72226,64211,3,8012,72186,64211,3,7972,159,24,2,133,50
2015-02-01,249116,130215,96.0,84.0,379511.0,36867,718172,2746491,41965.0,425052.0,3931680.0,225650,868,153420,2741.0,21969.0,178998.0,265380,920221,21835.0,231973.0,1439409.0,380250,797330,1177580,21415596,4626491,26042087,87339,78395,0,8944,0,72959,14380,87171,78366,0,8805,0,72959,14212,168,29,0,139,0,0,168,86528,78022,0,8506,86478,78013,0,8465,165,29,0,136,50
2015-03-01,270089,137612,109.0,83.0,407893.0,40456,785416,3066412,45368.0,899769.0,4796965.0,234509,1083,166080,3071.0,475293.0,645527.0,278493,986383,23524.0,695986.0,1984386.0,883036,829473,1712509,22036132,4651482,26687614,82248,73011,0,9237,0,67605,14643,82083,72990,0,9093,0,67605,14478,165,21,0,144,0,0,165,81293,72579,0,8714,81245,72577,0,8668,161,20,0,141,50
2015-04-01,295427,123673,103.0,91.0,419294.0,37872,824806,2854611,46743.0,1686088.0,5412248.0,307409,1042,157239,3057.0,22530.0,183868.0,288633,927804,23439.0,923799.0,2163675.0,948110,918639,1866749,22196616,4674866,26871482,48207,40736,0,7471,0,34687,13520,48045,40711,0,7334,0,34687,13358,162,25,0,137,0,0,162,47243,40226,0,7017,47200,40216,0,6984,157,25,0,132,50
2015-05-01,308302,120777,92.0,89.0,429260.0,36600,860157,2959326,48163.0,610200.0,4477846.0,218417,954,155516,2886.0,29219.0,188575.0,292361,1018492,27286.0,386447.0,1724586.0,415562,959175,1374737,22362206,4697851,27060057,47082,39486,6,7590,0,32691,14391,46951,39464,3,7484,0,32691,14260,131,22,3,106,0,0,131,46122,38928,4,7190,46083,38919,3,7161,129,22,3,104,50
2015-06-01,291918,114837,79.0,89.0,406923.0,35248,838583,2870674,37804.0,426602.0,4173663.0,205380,989,145986,2925.0,16865.0,166765.0,283351,972841,16421.0,240119.0,1512732.0,356342,874343,1230685,22505534,4721288,27226822,42660,35491,7,7162,0,30924,11736,42509,35459,4,7046,0,30924,11585,151,32,3,116,0,0,151,41736,35042,4,6690,41704,35038,3,6663,136,32,3,101,50
2015-07-01,295625,115638,91.0,87.0,411441.0,35702,876679,2969752,44376.0,386038.0,4276845.0,182316,1806,146189,3026.0,18146.0,169167.0,286361,962932,34234.0,170615.0,1454142.0,383958,809264,1193222,22648180,4747809,27395989,37390,30186,0,7204,0,26330,11060,37152,30166,0,6986,0,26330,10822,238,20,0,218,0,0,238,36413,29798,0,6615,36378,29791,0,6587,236,20,0,216,50
2015-08-01,297434,116152,86.0,92.0,413764.0,35597,876124,3120649,37640.0,487868.0,4522281.0,169920,1679,148508,3133.0,29151.0,182471.0,293592,1045420,30567.0,248766.0,1618345.0,417200,901880,1319080,22804480,4773980,27578460,31174,23411,5,7758,0,19709,11465,31034,23391,3,7640,0,19709,11325,140,20,2,118,0,0,140,30282,23056,3,7223,30261,23050,3,7208,130,19,2,109,50
2015-09-01,307720,119142,77.0,89.0,427028.0,36053,870713,2987619,58717.0,472307.0,4389356.0,182565,1680,162382,2649.0,27187.0,193898.0,294528,1025543,52165.0,230963.0,1603199.0,437931,867380,1305311,22977599,4794759,27772358,31458,23887,1,7570,0,17434,14024,31318,23858,0,7460,0,17434,13884,140,29,1,110,0,0,140,30442,23355,1,7086,30413,23352,0,7061,138,29,1,108,50
2015-10-01,321487,123913,75.0,92.0,445567.0,36948,900719,3184478,36043.0,441839.0,4563079.0,199346,1975,289959,2930.0,28335.0,323199.0,302572,1162410,28899.0,196995.0,1690876.0,539251,846697,1385948,23277712,4817845,28095557,30709,23347,0,7362,0,15559,15150,30599,23322,0,7277,0,15559,15040,110,25,0,85,0,0,110,29799,22767,0,7032,29771,22763,0,7008,109,25,0,84,50
2015-11-01,307877,121168,85.0,86.0,429216.0,36227,862796,3036065,41497.0,506537.0,4446895.0,186827,1937,145909,3316.0,29157.0,180319.0,289621,1036342,30775.0,272251.0,1628989.0,536958,813196,1350154,23435263,4840613,28275876,28133,20853,2,7278,0,13154,14979,27974,20836,1,7137,0,13154,14820,159,17,1,141,0,0,159,27301,20379,1,6921,27215,20376,1,6838,156,17,1,138,50
2015-12-01,295332,114892,74.0,88.0,410386.0,34232,822357,2926019,29083.0,414104.0,4191563.0,173045,1853,150069,2688.0,23150.0,177760.0,282889,1033133,23348.0,189286.0,1528656.0,401298,852733,1254031,23590361,4863275,28453636,31227,24421,0,6806,0,18050,13177,31072,24388,0,6684,0,18050,13022,155,33,0,122,0,0,155,30382,23995,0,6387,30355,23988,0,6367,155,33,0,122,50
2016-01-01,330902,126545,96.0,87.0,457630.0,36647,936577,3224253,57644.0,486971.0,4705445.0,187647,1786,180520,3446.0,24821.0,210573.0,314013,1113319,47860.0,262407.0,1737599.0,497796,917001,1414797,23776062,4888147,28664209,52858,45218,2,7638,0,37598,15260,52738,45194,1,7543,0,37598,15140,120,24,1,95,0,0,120,51853,44607,2,7244,51819,44604,1,7214,118,24,1,93,50
2016-02-01,317103,124765,95.0,87.0,442050.0,35955,876020,2987014,53093.0,757466.0,4673593.0,176691,2115,165372,3102.0,42363.0,212952.0,300192,1042763,44623.0,521584.0,1909162.0,530144,1029582,1559726,23965899,4911262,28877161,33054,25201,2,7851,0,17537,15517,32909,25175,1,7733,0,17537,15372,145,26,1,118,0,0,145,32072,24583,1,7488,32030,24576,1,7453,144,25,1,118,50
2016-03-01,314055,129857,94.0,86.0,444092.0,37905,876398,3030902,98611.0,968198.0,4974109.0,168650,1760,161932,2840.0,25013.0,191545.0,301591,1013355,90460.0,619008.0,2024414.0,571083,1097548,1668631,24133449,4935257,29068706,55646,47745,4,7897,0,40009,15637,55536,47725,2,7809,0,40009,15527,110,20,2,88,0,0,110,54672,47219,2,7451,54645,47216,2,7427,110,20,2,88,50
2016-04-01,303724,125757,86.0,92.0,429659.0,36229,847616,2942439,43726.0,912559.0,4746340.0,155421,1734,160960,1824.0,29846.0,194364.0,295487,1013671,37142.0,563091.0,1909391.0,513137,1072330,1585467,24305343,4957727,29263070,34934,26367,0,8567,0,17859,17075,34820,26336,0,8484,0,17859,16961,114,31,0,83,0,0,114,33777,25676,0,8101,33746,25664,0,8082,112,31,0,81,50
2016-05-01,311626,122892,103.0,90.0,434711.0,35622,868080,3098151,94950.0,696222.0,4757403.0,144827,1610,164396,2467.0,19326.0,187799.0,297861,1104522,87584.0,448052.0,1938019.0,434059,1169278,1603337,24467629,4983240,29450869,39221,31289,0,7932,0,23776,15445,39059,31258,0,7801,0,23776,15283,162,31,0,131,0,0,162,38275,30767,0,7508,38232,30761,0,7471,160,30,0,130,50
2016-06-01,285602,109693,103.0,96.0,395494.0,33297,801856,2879495,46537.0,630878.0,4358766.0,122546,1700,134747,2258.0,20941.0,159646.0,280030,1050200,42367.0,360750.0,1733347.0,380768,1050957,1431725,24606897,5003618,29610515,36979,29784,5,7190,0,25108,11871,36870,29761,2,7107,0,25108,11762,109,23,3,83,0,0,109,36186,29386,3,6797,36155,29381,2,6772,108,23,3,82,50
2016-07-01,281748,108690,95.0,97.0,390630.0,33351,807524,2961639,64872.0,565195.0,4399230.0,121434,1847,136096,5129.0,20228.0,163300.0,279956,1049704,60938.0,310404.0,1701002.0,444629,971248,1415877,24747993,5025822,29773815,43351,36267,4,7080,0,32348,11003,43192,36234,3,6955,0,32348,10844,159,33,1,125,0,0,159,42494,35890,2,6602,42448,35880,2,6566,157,33,1,123,50
2016-08-01,300984,112290,93.0,96.0,413463.0,34001,848791,3077592,19491.0,465238.0,4411112.0,133181,1386,149449,1562.0,21338.0,173735.0,287996,1077292,16070.0,219573.0,1600931.0,368083,949178,1317261,24898637,5048913,29947550,38686,31445,5,7236,0,26935,11751,38552,31423,2,7127,0,26935,11617,134,22,3,109,0,0,134,37777,31018,3,6756,37746,31014,2,6730,133,22,3,108,50
2016-09-01,300508,115607,80.0,95.0,416290.0,35239,838895,2955387,22245.0,753759.0,4570286.0,144295,1584,201730,1276.0,22594.0,227184.0,295442,1068761,19246.0,478591.0,1862040.0,433364,1072919,1506283,25101329,5073405,30174734,38001,30083,2,7916,0,23638,14363,37880,30051,1,7828,0,23638,14242,121,32,1,88,0,0,121,37085,29596,1,7488,37049,29590,1,7458,121,32,1,88,50
2016-10-01,314409,120513,76.0,93.0,435091.0,36398,885960,3058593,23188.0,923363.0,4891104.0,153328,1977,199722,1553.0,25094.0,228346.0,306299,1099156,19036.0,618823.0,2043314.0,555311,1123561,1678872,25307467,5095613,30403080,51157,44227,0,6930,0,37026,14131,51019,44194,0,6825,0,37026,13993,138,33,0,105,0,0,138,50242,43652,0,6590,50209,43650,0,6559,136,32,0,104,50
2016-11-01,309386,122763,89.0,99.0,432337.0,37174,858486,3024614,25769.0,998575.0,4907444.0,155964,2768,166214,1453.0,25068.0,195503.0,297275,1075505,20653.0,681322.0,2074755.0,569941,1135170,1705111,25481821,5116762,30598583,54376,45138,5,9233,0,37183,17193,54228,45106,3,9119,0,37183,17045,148,32,2,114,0,0,148,53298,44550,3,8745,53260,44538,3,8719,146,32,2,112,50
2016-12-01,302702,118598,79.0,103.0,421482.0,35482,853364,3257645,33147.0,817886.0,4962042.0,144024,1738,179906,2133.0,20587.0,204364.0,298345,1238770,27900.0,547013.0,2112028.0,669911,1083397,1753308,25661204,5141743,30802947,63565,55627,9,7929,0,47802,15763,63408,55591,6,7811,0,47802,15606,157,36,3,118,0,0,157,62429,55009,3,7417,62390,55002,3,7385,148,36,2,110,50
2017-01-01,324635,131468,98.0,99.0,456300.0,38673,901011,3340866,77439.0,688959.0,5008275.0,160831,1482,184897,1631.0,25598.0,213608.0,308246,1191632,68698.0,380179.0,1948755.0,567611,1047626,1615237,25850405,5166150,31016555,74020,64474,4,9542,0,55974,18046,73862,64441,2,9419,0,55974,17888,158,33,2,123,0,0,158,72836,63829,2,9005,72798,63821,2,8975,156,33,2,121,50
2017-02-01,294714,128367,84.0,104.0,423269.0,37404,807940,3014205,164875.0,633734.0,4620754.0,156699,1719,173907,1207.0,24743.0,201576.0,289168,1078774,161955.0,381108.0,1911005.0,540859,1025504,1566363,26031097,5187034,31218131,108426,97495,3,10928,0,88733,19693,108268,97457,1,10810,0,88733,19535,158,38,2,118,0,0,158,107397,96923,2,10472,107345,96913,1,10431,158,38,2,118,50
2017-03-01,322791,137764,96.0,104.0,460755.0,41132,891639,3258990,4745.0,782706.0,4938080.0,167699,2069,179986,825.0,27853.0,210733.0,309768,1098154,3127.0,537500.0,1948549.0,411994,1207976,1619970,26215172,5213692,31428864,64361,52033,2,12326,0,41381,22980,64193,52002,1,12190,0,41381,22812,168,31,1,136,0,0,168,63150,51373,1,11776,63103,51363,1,11739,168,31,1,136,50
2017-04-01,296033,128064,78.0,104.0,424279.0,38378,812135,3127933,8734.0,629786.0,4578588.0,149435,1572,150963,950.0,25023.0,178508.0,288549,1044109,7113.0,388782.0,1728553.0,451756,983943,1435699,26372026,5235346,31607372,53346,43327,3,10016,0,34797,18549,53196,43287,2,9907,0,34797,18399,150,40,1,109,0,0,150,52277,42800,1,9476,52245,42793,1,9451,146,37,1,108,50
2017-05-01,304136,126330,65.0,108.0,430639.0,37054,831365,3121581,4313.0,914305.0,4871564.0,151158,1555,143879,1022.0,25456.0,171912.0,292582,1031560,2758.0,507427.0,1834327.0,522053,996775,1518828,26523682,5255602,31779284,54700,43819,5,10876,434,35297,18969,54005,43786,2,10217,0,35297,18708,197,33,3,161,0,0,197,53105,43252,2,9851,53056,43248,2,9806,194,33,2,159,50
2017-06-01,277323,112920,74.0,106.0,390423.0,33628,781474,3117192,4680.0,953227.0,4856573.0,130755,1470,132615,738.0,19133.0,153956.0,277658,1014500,3217.0,628721.0,1924096.0,415708,1166981,1582689,26658193,5275047,31933240,98413,89723,0,8690,0,83982,14431,98254,89693,0,8561,0,83982,14272,159,30,0,129,0,0,159,97504,89275,0,8229,97459,89272,0,8187,158,30,0,128,50
2017-07-01,281526,115470,70.0,105.0,397171.0,34392,796668,3038810,29654.0,782659.0,4647791.0,139906,2171,156641,1285.0,19330.0,179427.0,282492,1074018,27011.0,481036.0,1864557.0,490481,1048411,1538892,26815394,5297273,32112667,64778,55798,0,8980,0,51025,13753,64636,55761,0,8875,0,51025,13611,142,37,0,105,0,0,142,63793,55390,0,8403,63762,55385,0,8377,140,37,0,103,50
2017-08-01,280182,118369,84.0,106.0,398741.0,34617,815631,3124206,10851.0,724316.0,4675004.0,142303,2197,253342,1065.0,19050.0,275654.0,290009,1166950,6876.0,417828.0,1881663.0,537449,1033801,1571250,27071435,5316886,32388321,69955,60944,2,9009,0,55728,14227,69821,60914,1,8906,0,55728,14093,134,30,1,103,0,0,134,68975,60454,1,8520,68942,60449,1,8492,133,30,1,102,50
2017-09-01,277936,119646,73.0,106.0,397761.0,35932,772152,3022123,18047.0,843630.0,4655952.0,139666,1330,163985,1436.0,18369.0,185120.0,278864,1069849,11055.0,535085.0,1894853.0,520126,1050261,1570387,27237509,5335932,32573441,71166,62848,2,8316,0,54536,16630,71032,62812,1,8219,0,54536,16496,134,36,1,97,0,0,134,70090,62220,1,7869,70055,62215,1,7839,133,36,1,96,50
2017-10-01,305739,129533,82.0,105.0,435459.0,38768,844218,3065690,25711.0,748753.0,4684372.0,151935,1246,153616,890.0,21609.0,177361.0,300091,1058432,23694.0,431651.0,1813868.0,532816,950417,1483233,27395923,5354879,32750802,80001,70275,0,9726,0,60880,19121,79823,70248,0,9575,0,60880,18943,178,27,0,151,0,0,178,78737,69555,0,9182,78696,69550,0,9146,174,27,0,147,50
2017-11-01,302098,131343,87.0,102.0,433630.0,39488,824467,3025711,51204.0,710413.0,4611795.0,154954,1468,149071,1327.0,22515.0,174381.0,298363,1027908,32629.0,425913.0,1784813.0,458254,1002300,1460554,27548094,5377089,32925183,72811,64323,0,8488,0,55610,17201,72619,64230,0,8389,0,55610,17009,192,93,0,99,0,0,192,71485,63489,0,7996,71410,63436,0,7974,192,93,0,99,50
2017-12-01,286160,122022,71.0,104.0,408357.0,35570,784200,2967045,82199.0,951777.0,4785221.0,141330,1572,140075,1087.0,18487.0,161221.0,283227,1030617,47687.0,664378.0,2025909.0,564124,1077618,1641742,27689494,5396910,33086404,63725,55786,3,7936,0,49478,14247,63606,55759,2,7845,0,49478,14128,119,27,1,91,0,0,119,62762,55265,2,7495,62732,55260,2,7470,117,27,1,89,50
2018-01-01,314988,133864,75.0,105.0,449032.0,38910,863327,3415936,77034.0,768571.0,5124868.0,155578,1616,171211,1264.0,22340.0,196431.0,307451,1232065,46951.0,458588.0,2045055.0,565806,1113477,1679283,27863606,5419229,33282835,56173,47189,1,8983,0,37923,18250,55989,47145,0,8844,0,37923,18066,184,44,1,139,0,0,184,54985,46547,1,8437,54943,46539,0,8404,181,44,1,136,50
2018-02-01,282667,126244,72.0,104.0,409087.0,37212,759933,3197671,10179.0,593703.0,4561486.0,138775,1440,152864,1135.0,20057.0,175496.0,281583,1188013,8348.0,330011.0,1807955.0,398653,1115941,1514594,28018699,5439632,33458331,46596,38868,0,7728,0,31201,15395,46369,38796,0,7573,0,31201,15168,227,72,0,155,0,0,227,45191,37976,0,7215,45140,37963,0,7177,226,72,0,154,50
2018-03-01,309644,136982,83.0,110.0,446819.0,41100,843478,3387790,11278.0,837672.0,5080218.0,148306,1793,167500,1490.0,22060.0,192843.0,302177,1196433,9164.0,529467.0,2037241.0,496836,1212476,1709312,28189446,5461728,33651174,53415,44592,0,8823,0,37553,15862,53219,44526,0,8693,0,37553,15666,196,66,0,130,0,0,196,52189,43919,0,8270,52149,43911,0,8238,194,66,0,128,50
2018-04-01,291543,131033,95.0,110.0,422781.0,39475,789704,3280901,72275.0,622246.0,4765126.0,143583,2029,153172,1052.0,41870.0,198123.0,288453,1174295,68992.0,334745.0,1866485.0,461666,1099922,1561588,28358052,5491245,33849297,38968,30219,1,8748,0,24249,14719,38765,30176,1,8588,0,24249,14516,203,43,0,160,0,0,203,37978,29771,1,8206,37920,29759,1,8160,202,43,0,159,50
2018-05-01,297957,128099,97.0,112.0,426265.0,37328,796855,3128239,21194.0,620501.0,4566789.0,150903,1478,144611,893.0,42367.0,189349.0,290245,1100918,13560.0,336081.0,1740804.0,410937,1026350,1437287,28518613,5520033,34038646,46167,37188,0,8979,0,30194,15973,45964,37109,0,8855,0,30194,15770,203,79,0,124,0,0,203,44867,36532,0,8335,44801,36500,0,8301,197,78,0,119,50
2018-06-01,270470,116449,71.0,108.0,387098.0,33694,738664,2841339,22742.0,591620.0,4194365.0,137463,1959,131995,744.0,27711.0,162409.0,274348,966940,15555.0,321355.0,1578198.0,360222,940317,1300539,28663592,5537463,34201055,34891,25567,5,9319,0,20565,14326,34695,25507,3,9185,0,20565,14130,196,60,2,134,0,0,196,33652,24977,3,8672,33609,24963,3,8643,195,60,2,133,50
2018-07-01,270153,117275,74.0,111.0,387613.0,33899,750400,3006359,12986.0,591030.0,4360775.0,145457,1435,131157,790.0,25445.0,158827.0,274901,1029600,5335.0,257710.0,1567546.0,361001,939238,1300239,28803832,5556050,34359882,55381,47497,0,7884,0,43204,12177,55184,47435,0,7749,0,43204,11980,197,62,0,135,0,0,197,54340,47046,0,7294,54284,47035,0,7249,195,62,0,133,50
2018-08-01,277430,120914,78.0,105.0,398527.0,34439,764879,3086391,53014.0,455768.0,4360052.0,151343,1622,205662,796.0,20440.0,228520.0,282532,1124626,46066.0,190033.0,1643257.0,448068,936588,1384656,29012296,5576106,34588402,42669,34692,1,7976,0,30171,12498,42490,34638,0,7852,0,30171,12319,179,54,1,124,0,0,179,41690,34256,1,7433,41636,34240,0,7396,179,54,1,124,50
2018-09-01,273374,122824,72.0,104.0,396374.0,35380,728608,2928033,12079.0,529314.0,4198034.0,153300,1208,163369,529.0,22346.0,187452.0,272871,1081414,5893.0,263322.0,1623500.0,431369,927519,1358888,29181101,5594753,34775854,41492,33184,0,8308,0,27389,14103,41323,33129,0,8194,0,27389,13934,169,55,0,114,0,0,169,40463,32646,0,7817,40434,32643,0,7791,164,55,0,109,50
2018-10-01,298216,132499,78.0,109.0,430902.0,38662,796787,3138477,18619.0,589041.0,4542924.0,159723,1881,166915,588.0,33237.0,202621.0,292047,1123032,8945.0,291190.0,1715214.0,451333,973384,1424717,29364611,5613864,34978475,40545,30727,0,9818,0,22656,17889,39870,30669,0,9201,0,22656,17214,179,58,0,121,0,0,179,38727,29948,0,8779,38689,29938,0,8751,177,56,0,121,50
2018-11-01,293813,131467,70.0,109.0,425459.0,38329,778463,3119969,14909.0,584873.0,4498214.0,158127,1269,165638,793.0,20386.0,188086.0,290466,1136531,6421.0,310185.0,1743603.0,500448,963987,1464435,29534556,5632005,35166561,33234,23093,3,10138,0,14253,18981,33017,23046,2,9969,0,14253,18764,217,47,1,169,0,0,217,31806,22303,2,9501,31762,22293,2,9467,217,47,1,169,50
2018-12-01,280853,123374,72.0,107.0,404406.0,35656,757205,3144772,14632.0,646157.0,4562766.0,151394,1321,146394,785.0,19795.0,168295.0,283005,1142307,6314.0,304723.0,1736349.0,508266,956235,1464501,29683086,5651770,35334856,37060,27733,5,9322,0,21583,15477,36901,27685,2,9214,0,21583,15318,159,48,3,108,0,0,159,35949,27133,1,8815,35907,27120,1,8786,156,48,1,107,50
2019-01-01,312650,134807,95.0,107.0,447659.0,38223,836005,3359923,20858.0,510628.0,4727414.0,161694,1333,175022,840.0,20708.0,197903.0,298908,1197903,10459.0,283744.0,1791014.0,493296,1011014,1504310,29859463,5673296,35532759,44757,34754,2,10001,0,27510,17247,44580,34711,2,9867,0,27510,17070,177,43,0,134,0,0,177,43605,34148,2,9455,43567,34140,2,9425,176,43,0,133,50
2019-02-01,280265,128324,61.0,102.0,408752.0,37574,743079,2982765,12213.0,442999.0,4181056.0,146677,1244,170744,420.0,16820.0,189228.0,277592,1062169,5514.0,234728.0,1580003.0,432680,893611,1326291,30030034,5691953,35721987,44088,34721,3,9364,0,27643,16445,43904,34650,1,9253,0,27643,16261,184,71,2,111,0,0,184,42880,34073,3,8804,42832,34053,1,8778,182,70,2,110,50
2019-03-01,298467,137398,70.0,104.0,436039.0,40647,797554,3273759,13849.0,471817.0,4556979.0,157663,1471,176370,263.0,15315.0,193419.0,292521,1170004,6967.0,210561.0,1680053.0,452528,962527,1415055,30203013,5712393,35915406,43333,32823,7,10503,0,24624,18709,42947,32580,4,10363,0,24624,18323,386,243,3,140,0,0,386,42086,32130,4,9952,41850,31931,4,9915,382,242,3,137,50
2019-04-01,287849,130819,77.0,102.0,418847.0,39303,765980,3085279,12351.0,479023.0,4342633.0,131829,1388,152482,717.0,15290.0,169877.0,283296,1086768,7317.0,225942.0,1603323.0,447058,911596,1358654,30353529,5731754,36085283,46844,36579,2,10263,335,29008,17501,45986,36358,1,9627,0,29008,16978,360,221,1,138,0,0,360,45188,36009,1,9178,44979,35832,1,9146,359,221,1,137,50
2019-05-01,294426,128157,68.0,103.0,422754.0,37712,783123,3194365,6119.0,563549.0,4547156.0,130525,1203,182403,714.0,13320.0,197640.0,289953,1148368,2699.0,296440.0,1737460.0,499235,973165,1472400,30531245,5751678,36282923,73483,63603,0,9880,0,55188,18295,53250,43520,0,9730,0,35274,17976,20233,20083,0,150,0,19914,319,72332,62968,0,9364,52226,42922,0,9304,20228,20082,0,146,50
2019-06-01,272609,118212,62.0,104.0,390987.0,34349,728211,3027306,5004.0,549568.0,4310089.0,125179,1092,153790,613.0,9700.0,165195.0,271009,1125690,1724.0,265898.0,1664321.0,385162,1005783,1390945,30678288,5769830,36448118,52481,44393,3,8085,0,36011,16470,52318,44341,1,7976,0,36011,16307,163,52,2,109,0,0,163,51557,43890,1,7666,51514,43881,1,7632,161,52,1,108,50
2019-07-01,275196,119706,67.0,98.0,395067.0,35072,766720,2999265,3842.0,545356.0,4315183.0,130691,1712,136993,1.0,10279.0,148985.0,283107,1065633,276.0,294917.0,1643933.0,365989,1013864,1379853,30807539,5789564,36597103,40266,33242,8,7016,0,25337,14929,40089,33198,4,6887,0,25337,14752,177,44,4,129,0,0,177,39312,32775,3,6534,39271,32770,3,6498,173,42,3,128,50
2019-08-01,277383,122139,67.0,104.0,399693.0,35116,773221,3083595,3721.0,554341.0,4414878.0,135188,1236,139900,14.0,13835.0,154985.0,285000,1087659,194.0,279050.0,1651903.0,388487,994140,1382627,30941934,5810154,36752088,43217,35705,2,7510,0,29479,13738,43067,35659,1,7407,0,29479,13588,150,46,1,103,0,0,150,42313,35221,1,7091,42281,35219,1,7061,149,46,1,102,50
2019-09-01,277848,125354,75.0,104.0,403381.0,36399,747706,3208468,4613.0,1346047.0,5306834.0,146500,1561,184660,128.0,12085.0,198434.0,276666,1238896,532.0,997099.0,2513193.0,463895,1585139,2049034,31119941,5830581,36950522,40434,32792,2,7640,0,27691,12743,40282,32736,2,7544,0,27691,12591,152,56,0,96,0,0,152,39550,32331,1,7218,39504,32316,1,7187,152,56,0,96,50
2019-10-01,301442,133528,79.0,110.0,435159.0,38740,806664,3318794,9927.0,693333.0,4828718.0,156812,1891,186297,1004.0,14275.0,203467.0,295916,1220703,5666.0,379282.0,1901567.0,454135,1153429,1607564,31299264,5854725,37153989,42183,33113,4,9066,0,26153,16030,42012,33074,3,8935,0,26153,15859,171,39,1,131,0,0,171,41200,32592,2,8606,41157,32590,2,8565,170,39,1,130,50
2019-11-01,291848,131448,89.0,109.0,423494.0,38129,758939,3075395,7660.0,665721.0,4507715.0,149647,1389,167039,731.0,12448.0,181607.0,280017,1076370,4904.0,335355.0,1696646.0,437194,975748,1412942,31463805,5871791,37335596,50973,42628,1,8344,0,22020,28953,50806,42568,1,8237,0,22020,28786,167,60,0,107,0,0,167,50038,42153,1,7884,49997,42144,1,7852,165,60,0,105,50
2019-12-01,277176,124345,71.0,106.0,401698.0,36164,729144,3072197,10463.0,741254.0,4553058.0,151681,1236,148989,664.0,9589.0,160478.0,269982,1066765,4967.0,419322.0,1761036.0,355224,1115597,1470821,31606752,5889322,37496074,65326,56649,0,8677,0,33973,31353,65168,56577,0,8591,0,33973,31195,158,72,0,86,0,0,158,64223,56051,0,8172,64191,56040,0,8151,153,71,0,82,50
2020-01-01,300083,135038,78.0,107.0,435306.0,38107,793083,3330744,9464.0,782543.0,4915834.0,159239,1529,170605,780.0,16768.0,189682.0,292155,1187506,4179.0,442759.0,1926599.0,404997,1213152,1618149,31777827,5907929,37685756,74746,65619,4,9123,0,27631,47115,74501,65516,2,8983,0,27631,46870,245,103,2,140,0,0,245,71531,63078,3,8450,71438,63015,2,8421,229,102,2,125,58
2020-02-01,275297,129545,87.0,105.0,405034.0,37984,736839,3137031,10084.0,630490.0,4514444.0,137859,1554,162622,637.0,10271.0,175084.0,276862,1151500,3471.0,338106.0,1769939.0,403704,1087922,1491626,31934035,5926805,37860840,74323,65596,5,8722,0,24508,49815,74142,65552,2,8588,0,24508,49634,181,44,3,134,0,0,181,71979,63776,4,8199,71913,63758,2,8153,178,44,3,131,58
2020-03-01,272610,133221,94.0,112.0,406037.0,39548,722242,3509633,13170.0,664052.0,4909097.0,139478,1693,182307,1836.0,11590.0,197426.0,269889,1312675,6369.0,348807.0,1937740.0,485661,1156491,1642152,32107660,5950606,38058266,58662,48831,4,9827,0,13079,45583,58089,48378,2,9709,0,13079,45010,573,453,2,118,0,0,573,56520,47120,2,9398,56065,46698,2,9365,572,453,2,117,58
2020-04-01,276589,138968,81.0,109.0,415747.0,41386,749224,3862676,12740.0,845788.0,5470428.0,156426,1565,178345,1805.0,11872.0,193587.0,296040,1449214,6127.0,463502.0,2214883.0,614886,1265191,1880077,32278134,5973719,38251853,63012,53657,10,9345,0,46403,16609,62830,53613,5,9212,0,46403,16427,182,44,5,133,0,0,182,60363,51631,3,8729,60318,51620,2,8696,178,44,3,131,58
2020-05-01,290505,143007,95.0,104.0,433711.0,42041,793447,3947357,36972.0,868966.0,5646742.0,153507,1784,193012,1866.0,18452.0,215114.0,306970,1400545,33988.0,509830.0,2251333.0,557294,1334195,1891489,32470296,5996671,38466967,72881,63361,3,9517,0,57058,15823,72694,63323,2,9369,0,57058,15636,187,38,1,148,0,0,187,69239,60399,2,8838,69205,60396,2,8807,179,38,1,140,58
2020-06-01,276646,133157,78.0,104.0,409985.0,38848,741523,3503050,31822.0,789190.0,5065585.0,146407,1686,176528,1164.0,18976.0,198354.0,287340,1218004,29809.0,448402.0,1983555.0,477106,1170828,1647934,32645019,6020302,38665321,45629,36719,5,8905,0,31385,14244,45455,36701,3,8751,0,31385,14070,174,18,2,154,0,0,174,43248,34931,2,8315,43182,34928,2,8252,172,18,1,153,58
2020-07-01,281193,126006,84.0,104.0,407387.0,37664,777159,3528850,4900.0,599072.0,4909981.0,151825,1753,156096,855.0,15767.0,174471.0,289553,1236904,3214.0,275150.0,1804821.0,452943,1072774,1525717,32797279,6042513,38839792,47176,37487,4,9685,0,32242,14934,46977,37456,2,9519,0,32242,14735,199,31,2,166,0,0,199,44839,35935,3,8901,44792,35932,2,8858,198,31,2,165,58
2020-08-01,277402,125725,73.0,108.0,403308.0,37690,770152,3692138,6929.0,645699.0,5114918.0,135925,1660,295031,1048.0,32105.0,329844.0,288744,1403191,5616.0,323201.0,2020752.0,588864,1129842,1718706,33106474,6063162,39169636,43990,36014,5,7971,0,30043,13947,43749,35901,2,7846,0,30043,13706,241,113,3,125,0,0,241,41832,34447,3,7382,41730,34392,2,7336,239,113,3,123,58
2020-09-01,275306,127716,79.0,104.0,403205.0,39572,754627,3494628,3583.0,662184.0,4915022.0,129968,1524,181265,1004.0,17281.0,201074.0,291093,1308261,2590.0,355318.0,1957262.0,632579,1043038,1675617,33288990,6081720,39370710,51609,43742,1,7866,0,38542,13067,51464,43713,1,7750,0,38542,12922,145,29,0,116,0,0,145,48755,41463,1,7291,48708,41453,1,7254,144,29,0,115,58
2020-10-01,294160,128136,86.0,104.0,422486.0,39715,807002,3439001,3380.0,759762.0,5009145.0,126997,1665,160997,813.0,20529.0,184004.0,294889,1217953,2285.0,430414.0,1945541.0,448894,1157755,1606649,33453935,6100779,39554714,42289,34063,2,8224,0,26688,15601,42132,34022,1,8109,0,26688,15444,157,41,1,115,0,0,157,40691,32913,1,7777,40639,32900,1,7738,157,41,1,115,58
2020-11-01,280929,124979,80.0,107.0,406095.0,39080,757104,3328795,3571.0,852504.0,4941974.0,119883,1699,147916,842.0,20678.0,171135.0,286633,1163908,2371.0,514973.0,1967885.0,444759,1158810,1603569,33606398,6119451,39725849,43287,34458,1,8828,0,26298,16989,43167,34432,1,8734,0,26298,16869,120,26,0,94,0,0,120,41339,33066,1,8272,41308,33060,1,8247,120,26,0,94,58
2020-12-01,275804,125667,80.0,110.0,401661.0,38490,750568,3592936,2969.0,1291956.0,5638429.0,127947,1634,155539,737.0,19478.0,177388.0,285960,1270735,1963.0,892386.0,2451044.0,426384,1537303,1963687,33761995,6141242,39903237,54351,45297,2,9052,0,35323,19028,54171,45251,1,8919,0,35323,18848,180,46,1,133,0,0,180,51293,42833,1,8459,51241,42820,1,8420,179,46,1,132,58
2021-01-01,314487,140791,103.0,110.0,455491.0,41056,831224,3880669,8182.0,1540594.0,6260669.0,144528,1640,190764,614.0,23142.0,216160.0,308599,1378542,7168.0,1061944.0,2756253.0,525737,1709896,2235633,33955181,6164216,40119397,58202,45960,3,12239,0,35732,22470,58045,45927,3,12115,0,35732,22313,157,33,0,124,0,0,157,55458,43831,2,11625,55405,43827,2,11576,155,32,0,123,58
2021-02-01,282017,132267,90.0,108.0,414482.0,40356,763251,3627300,2042.0,800597.0,5193190.0,124099,1674,242148,339.0,22812.0,266973.0,288656,1393882,1080.0,482041.0,2165659.0,690656,1161925,1852581,34199067,6187303,40386370,48712,40355,7,8350,0,30472,18240,48562,40335,3,8224,0,30472,18090,150,20,4,126,0,0,150,46504,38647,4,7853,46448,38642,2,7804,150,20,4,126,58
2021-03-01,297440,141260,110.0,109.0,438919.0,43587,809241,3747025,2586.0,954883.0,5513735.0,128414,1674,200317,523.0,26499.0,229013.0,306555,1303744,1565.0,605086.0,2216950.0,554382,1321591,1875973,34403195,6212188,40615383,53123,45498,2,7623,0,40336,12787,52958,45466,1,7491,0,40336,12622,165,32,1,132,0,0,165,50827,43747,1,7079,50776,43747,1,7028,165,32,1,132,58
2021-04-01,274160,133967,85.0,109.0,408321.0,41944,750689,3566810,3454.0,863600.0,5184553.0,113330,1369,152930,855.0,20271.0,175425.0,287788,1253944,2387.0,521983.0,2066102.0,547090,1197256,1744346,34559586,6231222,40790808,46660,39530,2,7128,0,35115,11545,46531,39507,1,7023,0,35115,11416,129,23,1,105,0,0,129,44394,37684,1,6709,44353,37680,1,6672,127,23,1,103,58
2021-05-01,289804,132867,81.0,113.0,422865.0,40744,807344,3634172,3288.0,735271.0,5180075.0,114287,1428,155222,782.0,20985.0,178417.0,294856,1249406,2166.0,405820.0,1952248.0,450314,1171668,1621982,34715068,6254157,40969225,45482,37792,2,7688,0,32681,12801,45314,37751,1,7562,0,32681,12633,168,41,1,126,0,0,168,42891,35779,1,7111,42841,35769,1,7071,167,41,1,125,58
2021-06-01,269011,122639,64.0,114.0,391828.0,37271,734543,3396595,3477.0,739254.0,4873869.0,105163,1452,162206,907.0,18598.0,183163.0,275014,1199335,2458.0,428547.0,1905354.0,547434,1065552,1612986,34878016,6274372,41152388,45632,37477,2,8153,0,30959,14673,45407,37446,1,7960,0,30959,14448,225,31,1,193,0,0,225,43122,35570,1,7551,43055,35563,1,7491,216,31,1,184,58
2021-07-01,262563,118858,80.0,115.0,381616.0,36949,736723,3452552,3449.0,763412.0,4956136.0,96977,1284,172577,813.0,16361.0,191035.0,276874,1190014,2314.0,434809.0,1904011.0,516140,1088403,1604543,35048553,6294870,41343423,91041,83334,2,7705,0,77179,13862,90900,83305,1,7594,0,77179,13721,141,29,1,111,0,0,141,81628,74484,1,7143,81602,74480,1,7121,140,29,1,110,58
2021-08-01,262494,119967,72.0,111.0,382644.0,37076,735317,3411213,4302.0,814882.0,4965714.0,98519,1357,145087,837.0,16442.0,163723.0,273956,1147335,2287.0,485764.0,1909342.0,578898,1037135,1616033,35190918,6316228,41507146,661509,653214,2,8293,0,646509,15000,661332,653171,1,8160,0,646509,14823,177,43,1,133,0,0,177,314671,306909,1,7761,314621,306895,1,7725,175,43,1,131,58
2021-09-01,259300,121269,66.0,113.0,380748.0,38384,726364,3340715,3198.0,1493298.0,5563575.0,105723,1593,142945,746.0,18508.0,163792.0,271888,1178852,2022.0,1146842.0,2599604.0,1226216,1082792,2309008,35335847,6335091,41670938,627812,620109,2,7701,0,614181,13631,627628,620053,1,7574,0,614181,13447,184,56,1,127,0,0,184,324406,317231,1,7174,324348,317214,1,7133,181,55,1,125,58
2021-10-01,261305,122708,74.0,118.0,384205.0,38523,733570,3560324,3233.0,975540.0,5272667.0,106243,1472,201754,748.0,16825.0,220799.0,276706,1254320,2102.0,677284.0,2210412.0,827194,1085504,1912698,35537466,6354271,41891737,422443,414327,0,8116,0,405774,16669,422297,414292,0,8005,0,405774,16523,146,35,0,111,0,0,146,235899,228327,0,7572,235851,228319,0,7532,146,35,0,111,58
2021-11-01,251197,120757,74.0,113.0,372141.0,38081,701420,3303243,3214.0,869115.0,4876992.0,100255,1543,132715,646.0,17072.0,151976.0,267937,1176488,1829.0,555429.0,2001683.0,588526,1114256,1702782,35672054,6371659,42043713,553342,544827,2,8513,0,538321,15021,553228,544813,1,8414,0,538321,14907,114,14,1,99,0,0,114,301394,293438,1,7955,301361,293434,1,7926,114,14,1,99,58
2021-12-01,246927,116756,76.0,111.0,363870.0,36726,690006,3349801,9169.0,788041.0,4837017.0,102414,1998,126289,617.0,14664.0,143568.0,269945,1224091,1814.0,449503.0,1945353.0,472563,1172652,1645215,35797431,6389850,42187281,644290,636400,2,7888,0,631513,12777,644171,636373,1,7797,0,631513,12658,119,27,1,91,0,0,119,337953,330571,1,7381,337913,330567,1,7345,118,26,1,91,58
2022-01-01,270229,128084,101.0,114.0,398528.0,38990,769600,3600321,9537.0,1517009.0,5896467.0,112182,2977,145068,674.0,16483.0,165202.0,299153,1264133,1896.0,1078364.0,2643546.0,1002956,1291290,2294246,35944857,6407626,42352483,663682,656377,3,7302,0,651763,11919,663518,656341,2,7175,0,651763,11755,164,36,1,127,0,0,164,351938,345117,2,6819,351891,345110,2,6779,163,36,1,126,58
2022-02-01,243742,121230,74.0,109.0,365155.0,37695,669259,3300671,8889.0,1230726.0,5209545.0,103208,1598,137254,734.0,14827.0,154413.0,267456,1214628,2022.0,908992.0,2393098.0,989500,1102420,2091920,36083216,6423680,42506896,600791,593895,4,6892,0,587843,12948,600651,593862,2,6787,0,587843,12808,140,33,2,105,0,0,140,327695,321230,2,6463,327654,321220,2,6432,139,33,2,104,58
2022-03-01,254747,126048,92.0,111.0,380998.0,39807,705926,3478743,22531.0,1396239.0,5603439.0,105076,1615,146249,303.0,11182.0,159349.0,280566,1265221,13887.0,1009454.0,2569128.0,1091396,1164483,2255879,36224611,6441634,42666245,675149,667880,0,7269,0,660467,14682,675014,667843,0,7171,0,660467,14547,135,37,0,98,0,0,135,356860,350101,0,6759,356821,350091,0,6730,134,37,0,97,58
2022-04-01,237180,120584,70.0,109.0,357943.0,38607,652202,3436530,9958.0,846945.0,4945635.0,93766,1696,131009,19.0,6992.0,139716.0,262341,1338276,1938.0,550607.0,2153162.0,683741,1206096,1889837,36348155,6457806,42805961,613609,607089,0,6520,0,601525,12084,613468,607054,0,6414,0,601525,11943,141,35,0,106,0,0,141,330196,324256,0,5940,330154,324245,0,5909,139,35,0,104,58
2022-05-01,242224,119498,83.0,111.0,361916.0,38131,678672,3465736,7872.0,1024241.0,5176521.0,94540,1816,129780,10.0,6887.0,138493.0,267533,1232138,398.0,679456.0,2179525.0,815038,1087517,1902555,36470606,6473848,42944454,659189,652659,0,6530,0,647185,12004,659042,652623,0,6419,0,647185,11857,147,36,0,111,0,0,147,351182,345102,0,6080,351131,345090,0,6041,147,36,0,111,58
2022-06-01,226649,113160,58.0,108.0,339975.0,35299,651187,3352273,7830.0,796506.0,4807796.0,112103,2026,181646,572.0,5877.0,190121.0,260233,1268402,1900.0,464248.0,1994783.0,550974,1141366,1692340,36645159,6489416,43134575,673190,666783,0,6407,0,662380,10810,673069,666751,0,6318,0,662380,10689,121,32,0,89,0,0,121,362601,356620,0,5981,362565,356615,0,5950,120,32,0,88,58
2022-07-01,229277,112167,71.0,108.0,341623.0,36147,664391,3473088,9108.0,1407437.0,5554024.0,85373,1654,137730,577.0,5888.0,145849.0,265270,1271353,1578.0,1108423.0,2646624.0,1276743,1098981,2375724,36775051,6505373,43280424,672499,665847,2,6650,0,661163,11336,672364,665818,1,6545,0,661163,11201,135,29,1,105,0,0,135,366333,360296,1,6036,366303,360293,1,6009,133,28,1,104,58
2022-08-01,232562,115491,63.0,105.0,348221.0,35939,667327,3338963,10190.0,1982689.0,5999169.0,87137,1350,125022,604.0,6351.0,133327.0,269473,1177750,1767.0,1683649.0,3132639.0,1672628,1160428,2833056,36893423,6520328,43413751,715645,708439,0,7206,0,703293,12352,715502,708412,0,7090,0,703293,12209,143,27,0,116,0,0,143,389506,382813,0,6693,389464,382802,0,6662,138,27,0,111,58
2022-09-01,231752,117537,59.0,109.0,349457.0,37751,655671,3297961,12134.0,1408056.0,5373822.0,96764,1227,137271,664.0,9636.0,148798.0,261515,1189718,3580.0,1106783.0,2561596.0,1250047,1043132,2293179,37029031,6533518,43562549,758350,751730,0,6620,0,745705,12645,758235,751708,0,6527,0,745705,12530,115,22,0,93,0,0,115,412831,406659,0,6172,412790,406657,0,6133,114,22,0,92,58
2022-10-01,248722,122036,64.0,110.0,370932.0,39232,712741,3347944,8284.0,1750654.0,5819623.0,101417,2047,161295,217.0,8299.0,171858.0,280968,1166507,878.0,1439415.0,2887768.0,1575389,1035339,2610728,37186006,6548401,43734407,766969,759994,0,6975,0,751928,15041,766857,759968,0,6889,0,751928,14929,112,26,0,86,0,0,112,415993,409519,0,6474,415968,409514,0,6454,112,26,0,86,58
2022-11-01,231132,118711,69.0,115.0,350027.0,37721,668088,3170743,8148.0,1541487.0,5388466.0,99394,1772,138458,468.0,9642.0,150340.0,272913,1103666,1670.0,1237270.0,2615519.0,1375556,980682,2356238,37321720,6563027,43884747,527636,520542,7,7087,0,514377,13259,527497,520517,4,6976,0,514377,13120,139,25,3,111,0,0,139,347693,341041,1,6651,347667,341041,1,6625,137,25,1,111,58
2022-12-01,225963,116271,64.0,110.0,342408.0,36766,673102,3354466,7375.0,1715789.0,5750732.0,96460,1399,147947,318.0,9587.0,159251.0,272157,1313859,830.0,1425748.0,3012594.0,1790562,979048,2769610,37465616,6578382,44043998,552642,545200,0,7442,0,536452,16190,552513,545180,0,7333,0,536452,16061,129,20,0,109,0,0,129,306982,300038,0,6944,306946,300034,0,6912,129,20,0,109,58
2023-01-01,250856,128787,85.0,114.0,379842.0,39505,724962,3591812,6878.0,1463666.0,5787318.0,125538,1344,172414,21.0,12149.0,185928.0,287718,1323936,173.0,1120494.0,2732321.0,1310880,1125505,2436385,37634825,6595101,44229926,588782,580504,0,8278,475,566614,21693,588135,580474,0,7661,0,566614,21521,148,30,0,118,0,0,148,330050,322701,0,7349,329999,322693,0,7306,148,30,0,118,58
2023-02-01,223779,119470,72.0,116.0,343437.0,37051,621500,3208682,6445.0,1429260.0,5265887.0,104134,1342,169132,8.0,11372.0,181854.0,253989,1215010,132.0,1114262.0,2583393.0,1267178,1043780,2310958,37801805,6609975,44411780,514151,506732,2,7417,0,498633,15518,514010,506704,1,7305,0,498633,15377,141,28,1,112,0,0,141,354528,347493,1,7034,354493,347487,1,7005,140,28,1,111,58
2023-03-01,246697,129172,63.0,114.0,376046.0,39910,691393,3429074,7489.0,1111831.0,5239787.0,111460,1793,166111,6.0,10352.0,178262.0,275180,1243539,134.0,769226.0,2288079.0,801558,1161962,1963520,37964657,6625385,44590042,858054,850075,0,7979,0,841458,16596,857902,850045,0,7857,0,841458,16444,152,30,0,122,0,0,152,476764,469191,0,7573,476718,469186,0,7532,150,30,0,120,58
2023-04-01,228048,122858,88.0,115.0,351109.0,38815,634634,3481680,7097.0,687171.0,4810582.0,104002,1756,149947,18.0,10860.0,162581.0,261141,1329539,219.0,372940.0,1963839.0,580176,1089071,1669247,38112388,6640235,44752623,668555,660604,5,7946,0,652096,16459,668437,660576,3,7858,0,652096,16341,118,28,2,88,0,0,118,379012,371566,2,7444,378979,371561,2,7416,117,28,2,87,58
2023-05-01,232305,121713,79.0,115.0,354212.0,37874,654055,3476264,6369.0,1102183.0,5238871.0,97658,2103,144922,14.0,9883.0,156922.0,268594,1318866,172.0,623120.0,2210752.0,519265,1339591,1858856,38254774,6654771,44909545,647303,639706,0,7597,0,632538,14765,647169,639689,0,7480,0,632538,14631,134,17,0,117,0,0,134,355386,348324,0,7062,355352,348321,0,7031,134,17,0,117,58
2023-06-01,216696,113893,69.0,114.0,330772.0,35416,624870,3406082,6252.0,640899.0,4678103.0,88268,2198,147519,17.0,18661.0,168395.0,255148,1346118,185.0,334923.0,1936374.0,566291,1100004,1666295,38408327,6669613,45077940,685955,678963,0,6992,0,674223,11732,685828,678941,0,6887,0,674223,11605,127,22,0,105,0,0,127,374816,368290,0,6526,374778,368287,0,6491,127,22,0,105,58
2023-07-01,221848,117076,68.0,113.0,339105.0,37210,656172,3582227,7444.0,1016716.0,5262559.0,89000,2154,137925,9.0,80870.0,220958.0,263793,1352300,231.0,613584.0,2229908.0,613646,1290181,1903827,38613972,6684926,45298898,704439,696824,0,7615,0,692929,11510,704316,696808,0,7508,0,692929,11387,123,16,0,107,0,0,123,391555,384463,0,7092,391514,384455,0,7059,123,16,0,107,58
2023-08-01,218541,121026,78.0,114.0,339759.0,37763,618094,3550686,6715.0,803995.0,4979490.0,93052,2502,134818,10.0,11423.0,148753.0,255520,1303447,143.0,449010.0,2008120.0,481200,1237212,1718412,38746362,6701289,45447651,764221,466,0,763755,0,451,763770,499,466,0,33,0,451,48,0,0,0,0,0,0,0,669,465,0,204,497,465,0,32,0,0,0,0,58
2023-09-01,219391,120653,72.0,116.0,340232.0,38760,610776,3220975,10965.0,845599.0,4688315.0,97706,2298,144011,27.0,9837.0,156173.0,252250,1147137,3716.0,505966.0,1909069.0,443072,1161798,1604870,38886809,6717015,45603824,790007,782323,1,7683,0,768391,21616,789850,782271,0,7579,0,768391,21459,157,52,1,104,0,0,157,445275,438110,1,7164,445213,438081,0,7132,156,52,1,103,58
2023-10-01,226690,124411,63.0,118.0,351282.0,40051,626440,3510703,7556.0,646053.0,4790752.0,97081,2300,153087,17.0,10541.0,165945.0,263866,1259051,176.0,311398.0,1834491.0,496906,1065683,1562589,39036734,6733035,45769769,844314,836851,1,7462,0,828848,15466,844174,836808,1,7365,0,828848,15326,140,43,0,97,0,0,140,468217,461250,1,6966,468161,461221,1,6939,138,43,0,95,58
2023-11-01,225791,122564,71.0,118.0,348544.0,39570,615859,3455103,7141.0,669320.0,4747423.0,101249,2423,166952,25.0,9980.0,179380.0,259747,1238860,174.0,336965.0,1835746.0,523833,1034936,1558769,39200338,6748811,45949149,764033,756530,0,7503,0,747161,16872,763896,756480,0,7416,0,747161,16735,137,50,0,87,0,0,137,447019,439964,0,7055,446977,439949,0,7028,137,50,0,87,58
2023-12-01,213825,118306,67.0,119.0,332317.0,38264,605376,3569871,7460.0,926927.0,5109634.0,86726,2043,153570,11.0,10227.0,165851.0,251405,1341871,152.0,582717.0,2176145.0,746375,1153401,1899776,39350176,6764824,46115000,809448,802202,2,7244,0,794969,14479,809338,802183,1,7154,0,794969,14369,110,19,1,90,0,0,110,456163,449315,1,6847,456131,449312,1,6818,109,19,1,89,58
