month,total.non-content,total.content,timeRange.start,timeRange.end
2001-01-01T00:00:00.000Z,28,38,2001-01-01T00:00:00.000Z,2001-02-01T00:00:00.000Z
2001-02-01T00:00:00.000Z,29,148,2001-02-01T00:00:00.000Z,2001-03-01T00:00:00.000Z
2001-03-01T00:00:00.000Z,89,510,2001-03-01T00:00:00.000Z,2001-04-01T00:00:00.000Z
2001-04-01T00:00:00.000Z,51,604,2001-04-01T00:00:00.000Z,2001-05-01T00:00:00.000Z
2001-05-01T00:00:00.000Z,71,1351,2001-05-01T00:00:00.000Z,2001-06-01T00:00:00.000Z
2001-06-01T00:00:00.000Z,108,543,2001-06-01T00:00:00.000Z,2001-07-01T00:00:00.000Z
2001-07-01T00:00:00.000Z,200,1035,2001-07-01T00:00:00.000Z,2001-08-01T00:00:00.000Z
2001-08-01T00:00:00.000Z,397,1825,2001-08-01T00:00:00.000Z,2001-09-01T00:00:00.000Z
2001-09-01T00:00:00.000Z,614,3294,2001-09-01T00:00:00.000Z,2001-10-01T00:00:00.000Z
2001-10-01T00:00:00.000Z,807,5466,2001-10-01T00:00:00.000Z,2001-11-01T00:00:00.000Z
2001-11-01T00:00:00.000Z,880,4857,2001-11-01T00:00:00.000Z,2001-12-01T00:00:00.000Z
2001-12-01T00:00:00.000Z,968,4985,2001-12-01T00:00:00.000Z,2002-01-01T00:00:00.000Z
2002-01-01T00:00:00.000Z,725,3855,2002-01-01T00:00:00.000Z,2002-02-01T00:00:00.000Z
2002-02-01T00:00:00.000Z,4655,24888,2002-02-01T00:00:00.000Z,2002-03-01T00:00:00.000Z
2002-03-01T00:00:00.000Z,1446,6827,2002-03-01T00:00:00.000Z,2002-04-01T00:00:00.000Z
2002-04-01T00:00:00.000Z,1273,6428,2002-04-01T00:00:00.000Z,2002-05-01T00:00:00.000Z
2002-05-01T00:00:00.000Z,813,7249,2002-05-01T00:00:00.000Z,2002-06-01T00:00:00.000Z
2002-06-01T00:00:00.000Z,1223,9298,2002-06-01T00:00:00.000Z,2002-07-01T00:00:00.000Z
2002-07-01T00:00:00.000Z,1283,10483,2002-07-01T00:00:00.000Z,2002-08-01T00:00:00.000Z
2002-08-01T00:00:00.000Z,2226,16377,2002-08-01T00:00:00.000Z,2002-09-01T00:00:00.000Z
2002-09-01T00:00:00.000Z,3305,24868,2002-09-01T00:00:00.000Z,2002-10-01T00:00:00.000Z
2002-10-01T00:00:00.000Z,3750,53460,2002-10-01T00:00:00.000Z,2002-11-01T00:00:00.000Z
2002-11-01T00:00:00.000Z,2207,18546,2002-11-01T00:00:00.000Z,2002-12-01T00:00:00.000Z
2002-12-01T00:00:00.000Z,2624,48180,2002-12-01T00:00:00.000Z,2003-01-01T00:00:00.000Z
2003-01-01T00:00:00.000Z,3618,21686,2003-01-01T00:00:00.000Z,2003-02-01T00:00:00.000Z
2003-02-01T00:00:00.000Z,3397,20169,2003-02-01T00:00:00.000Z,2003-03-01T00:00:00.000Z
2003-03-01T00:00:00.000Z,3130,21059,2003-03-01T00:00:00.000Z,2003-04-01T00:00:00.000Z
2003-04-01T00:00:00.000Z,3431,22263,2003-04-01T00:00:00.000Z,2003-05-01T00:00:00.000Z
2003-05-01T00:00:00.000Z,4049,28262,2003-05-01T00:00:00.000Z,2003-06-01T00:00:00.000Z
2003-06-01T00:00:00.000Z,4600,34395,2003-06-01T00:00:00.000Z,2003-07-01T00:00:00.000Z
2003-07-01T00:00:00.000Z,9094,37600,2003-07-01T00:00:00.000Z,2003-08-01T00:00:00.000Z
2003-08-01T00:00:00.000Z,5738,35820,2003-08-01T00:00:00.000Z,2003-09-01T00:00:00.000Z
2003-09-01T00:00:00.000Z,5363,35793,2003-09-01T00:00:00.000Z,2003-10-01T00:00:00.000Z
2003-10-01T00:00:00.000Z,5508,36946,2003-10-01T00:00:00.000Z,2003-11-01T00:00:00.000Z
2003-11-01T00:00:00.000Z,6564,46272,2003-11-01T00:00:00.000Z,2003-12-01T00:00:00.000Z
2003-12-01T00:00:00.000Z,7420,54535,2003-12-01T00:00:00.000Z,2004-01-01T00:00:00.000Z
2004-01-01T00:00:00.000Z,8152,52836,2004-01-01T00:00:00.000Z,2004-02-01T00:00:00.000Z
2004-02-01T00:00:00.000Z,11667,67648,2004-02-01T00:00:00.000Z,2004-03-01T00:00:00.000Z
2004-03-01T00:00:00.000Z,17063,88637,2004-03-01T00:00:00.000Z,2004-04-01T00:00:00.000Z
2004-04-01T00:00:00.000Z,16035,91618,2004-04-01T00:00:00.000Z,2004-05-01T00:00:00.000Z
2004-05-01T00:00:00.000Z,17301,94277,2004-05-01T00:00:00.000Z,2004-06-01T00:00:00.000Z
2004-06-01T00:00:00.000Z,29452,142808,2004-06-01T00:00:00.000Z,2004-07-01T00:00:00.000Z
2004-07-01T00:00:00.000Z,23023,136296,2004-07-01T00:00:00.000Z,2004-08-01T00:00:00.000Z
2004-08-01T00:00:00.000Z,29699,161857,2004-08-01T00:00:00.000Z,2004-09-01T00:00:00.000Z
2004-09-01T00:00:00.000Z,31495,146881,2004-09-01T00:00:00.000Z,2004-10-01T00:00:00.000Z
2004-10-01T00:00:00.000Z,34686,169437,2004-10-01T00:00:00.000Z,2004-11-01T00:00:00.000Z
2004-11-01T00:00:00.000Z,42033,202568,2004-11-01T00:00:00.000Z,2004-12-01T00:00:00.000Z
2004-12-01T00:00:00.000Z,45570,199929,2004-12-01T00:00:00.000Z,2005-01-01T00:00:00.000Z
2005-01-01T00:00:00.000Z,38977,162240,2005-01-01T00:00:00.000Z,2005-02-01T00:00:00.000Z
2005-02-01T00:00:00.000Z,39771,161811,2005-02-01T00:00:00.000Z,2005-03-01T00:00:00.000Z
2005-03-01T00:00:00.000Z,49885,198997,2005-03-01T00:00:00.000Z,2005-04-01T00:00:00.000Z
2005-04-01T00:00:00.000Z,59181,233517,2005-04-01T00:00:00.000Z,2005-05-01T00:00:00.000Z
2005-05-01T00:00:00.000Z,62047,245289,2005-05-01T00:00:00.000Z,2005-06-01T00:00:00.000Z
2005-06-01T00:00:00.000Z,70243,257728,2005-06-01T00:00:00.000Z,2005-07-01T00:00:00.000Z
2005-07-01T00:00:00.000Z,83947,288097,2005-07-01T00:00:00.000Z,2005-08-01T00:00:00.000Z
2005-08-01T00:00:00.000Z,97903,309724,2005-08-01T00:00:00.000Z,2005-09-01T00:00:00.000Z
2005-09-01T00:00:00.000Z,112078,321772,2005-09-01T00:00:00.000Z,2005-10-01T00:00:00.000Z
2005-10-01T00:00:00.000Z,121584,354376,2005-10-01T00:00:00.000Z,2005-11-01T00:00:00.000Z
2005-11-01T00:00:00.000Z,118732,380601,2005-11-01T00:00:00.000Z,2005-12-01T00:00:00.000Z
2005-12-01T00:00:00.000Z,162054,424547,2005-12-01T00:00:00.000Z,2006-01-01T00:00:00.000Z
2006-01-01T00:00:00.000Z,192564,465263,2006-01-01T00:00:00.000Z,2006-02-01T00:00:00.000Z
2006-02-01T00:00:00.000Z,234511,470280,2006-02-01T00:00:00.000Z,2006-03-01T00:00:00.000Z
2006-03-01T00:00:00.000Z,257927,541607,2006-03-01T00:00:00.000Z,2006-04-01T00:00:00.000Z
2006-04-01T00:00:00.000Z,269732,513397,2006-04-01T00:00:00.000Z,2006-05-01T00:00:00.000Z
2006-05-01T00:00:00.000Z,275472,551983,2006-05-01T00:00:00.000Z,2006-06-01T00:00:00.000Z
2006-06-01T00:00:00.000Z,282647,546548,2006-06-01T00:00:00.000Z,2006-07-01T00:00:00.000Z
2006-07-01T00:00:00.000Z,298045,585438,2006-07-01T00:00:00.000Z,2006-08-01T00:00:00.000Z
2006-08-01T00:00:00.000Z,466362,653621,2006-08-01T00:00:00.000Z,2006-09-01T00:00:00.000Z
2006-09-01T00:00:00.000Z,358334,602085,2006-09-01T00:00:00.000Z,2006-10-01T00:00:00.000Z
2006-10-01T00:00:00.000Z,379588,629789,2006-10-01T00:00:00.000Z,2006-11-01T00:00:00.000Z
2006-11-01T00:00:00.000Z,380487,643720,2006-11-01T00:00:00.000Z,2006-12-01T00:00:00.000Z
2006-12-01T00:00:00.000Z,393607,668191,2006-12-01T00:00:00.000Z,2007-01-01T00:00:00.000Z
2007-01-01T00:00:00.000Z,465382,704915,2007-01-01T00:00:00.000Z,2007-02-01T00:00:00.000Z
2007-02-01T00:00:00.000Z,488913,692804,2007-02-01T00:00:00.000Z,2007-03-01T00:00:00.000Z
2007-03-01T00:00:00.000Z,599716,724625,2007-03-01T00:00:00.000Z,2007-04-01T00:00:00.000Z
2007-04-01T00:00:00.000Z,695214,738897,2007-04-01T00:00:00.000Z,2007-05-01T00:00:00.000Z
2007-05-01T00:00:00.000Z,583821,739626,2007-05-01T00:00:00.000Z,2007-06-01T00:00:00.000Z
2007-06-01T00:00:00.000Z,530662,729791,2007-06-01T00:00:00.000Z,2007-07-01T00:00:00.000Z
2007-07-01T00:00:00.000Z,498163,733994,2007-07-01T00:00:00.000Z,2007-08-01T00:00:00.000Z
2007-08-01T00:00:00.000Z,493305,774542,2007-08-01T00:00:00.000Z,2007-09-01T00:00:00.000Z
2007-09-01T00:00:00.000Z,486534,771424,2007-09-01T00:00:00.000Z,2007-10-01T00:00:00.000Z
2007-10-01T00:00:00.000Z,517426,820504,2007-10-01T00:00:00.000Z,2007-11-01T00:00:00.000Z
2007-11-01T00:00:00.000Z,502250,766863,2007-11-01T00:00:00.000Z,2007-12-01T00:00:00.000Z
2007-12-01T00:00:00.000Z,489953,797652,2007-12-01T00:00:00.000Z,2008-01-01T00:00:00.000Z
2008-01-01T00:00:00.000Z,653608,781859,2008-01-01T00:00:00.000Z,2008-02-01T00:00:00.000Z
2008-02-01T00:00:00.000Z,570946,792198,2008-02-01T00:00:00.000Z,2008-03-01T00:00:00.000Z
2008-03-01T00:00:00.000Z,610580,902509,2008-03-01T00:00:00.000Z,2008-04-01T00:00:00.000Z
2008-04-01T00:00:00.000Z,623713,816913,2008-04-01T00:00:00.000Z,2008-05-01T00:00:00.000Z
2008-05-01T00:00:00.000Z,607484,829026,2008-05-01T00:00:00.000Z,2008-06-01T00:00:00.000Z
2008-06-01T00:00:00.000Z,601242,853501,2008-06-01T00:00:00.000Z,2008-07-01T00:00:00.000Z
2008-07-01T00:00:00.000Z,554468,867539,2008-07-01T00:00:00.000Z,2008-08-01T00:00:00.000Z
2008-08-01T00:00:00.000Z,569187,878768,2008-08-01T00:00:00.000Z,2008-09-01T00:00:00.000Z
2008-09-01T00:00:00.000Z,577997,1019091,2008-09-01T00:00:00.000Z,2008-10-01T00:00:00.000Z
2008-10-01T00:00:00.000Z,523801,946822,2008-10-01T00:00:00.000Z,2008-11-01T00:00:00.000Z
2008-11-01T00:00:00.000Z,567751,921512,2008-11-01T00:00:00.000Z,2008-12-01T00:00:00.000Z
2008-12-01T00:00:00.000Z,545549,885574,2008-12-01T00:00:00.000Z,2009-01-01T00:00:00.000Z
2009-01-01T00:00:00.000Z,555311,885969,2009-01-01T00:00:00.000Z,2009-02-01T00:00:00.000Z
2009-02-01T00:00:00.000Z,545970,912268,2009-02-01T00:00:00.000Z,2009-03-01T00:00:00.000Z
2009-03-01T00:00:00.000Z,770037,901584,2009-03-01T00:00:00.000Z,2009-04-01T00:00:00.000Z
2009-04-01T00:00:00.000Z,581005,861290,2009-04-01T00:00:00.000Z,2009-05-01T00:00:00.000Z
2009-05-01T00:00:00.000Z,651541,973272,2009-05-01T00:00:00.000Z,2009-06-01T00:00:00.000Z
2009-06-01T00:00:00.000Z,537209,877120,2009-06-01T00:00:00.000Z,2009-07-01T00:00:00.000Z
2009-07-01T00:00:00.000Z,482809,854737,2009-07-01T00:00:00.000Z,2009-08-01T00:00:00.000Z
2009-08-01T00:00:00.000Z,461652,906233,2009-08-01T00:00:00.000Z,2009-09-01T00:00:00.000Z
2009-09-01T00:00:00.000Z,483508,965934,2009-09-01T00:00:00.000Z,2009-10-01T00:00:00.000Z
2009-10-01T00:00:00.000Z,548707,883467,2009-10-01T00:00:00.000Z,2009-11-01T00:00:00.000Z
2009-11-01T00:00:00.000Z,445407,942834,2009-11-01T00:00:00.000Z,2009-12-01T00:00:00.000Z
2009-12-01T00:00:00.000Z,534818,1297401,2009-12-01T00:00:00.000Z,2010-01-01T00:00:00.000Z
2010-01-01T00:00:00.000Z,549091,858212,2010-01-01T00:00:00.000Z,2010-02-01T00:00:00.000Z
2010-02-01T00:00:00.000Z,443262,862170,2010-02-01T00:00:00.000Z,2010-03-01T00:00:00.000Z
2010-03-01T00:00:00.000Z,557625,912393,2010-03-01T00:00:00.000Z,2010-04-01T00:00:00.000Z
2010-04-01T00:00:00.000Z,654793,946850,2010-04-01T00:00:00.000Z,2010-05-01T00:00:00.000Z
2010-05-01T00:00:00.000Z,520078,961246,2010-05-01T00:00:00.000Z,2010-06-01T00:00:00.000Z
2010-06-01T00:00:00.000Z,519892,1062259,2010-06-01T00:00:00.000Z,2010-07-01T00:00:00.000Z
2010-07-01T00:00:00.000Z,472325,901366,2010-07-01T00:00:00.000Z,2010-08-01T00:00:00.000Z
2010-08-01T00:00:00.000Z,506661,932493,2010-08-01T00:00:00.000Z,2010-09-01T00:00:00.000Z
2010-09-01T00:00:00.000Z,581466,1040284,2010-09-01T00:00:00.000Z,2010-10-01T00:00:00.000Z
2010-10-01T00:00:00.000Z,652909,1118138,2010-10-01T00:00:00.000Z,2010-11-01T00:00:00.000Z
2010-11-01T00:00:00.000Z,609862,1049693,2010-11-01T00:00:00.000Z,2010-12-01T00:00:00.000Z
2010-12-01T00:00:00.000Z,503439,971175,2010-12-01T00:00:00.000Z,2011-01-01T00:00:00.000Z
2011-01-01T00:00:00.000Z,606666,1002671,2011-01-01T00:00:00.000Z,2011-02-01T00:00:00.000Z
2011-02-01T00:00:00.000Z,482187,896815,2011-02-01T00:00:00.000Z,2011-03-01T00:00:00.000Z
2011-03-01T00:00:00.000Z,425245,882503,2011-03-01T00:00:00.000Z,2011-04-01T00:00:00.000Z
2011-04-01T00:00:00.000Z,369541,930191,2011-04-01T00:00:00.000Z,2011-05-01T00:00:00.000Z
2011-05-01T00:00:00.000Z,398779,887772,2011-05-01T00:00:00.000Z,2011-06-01T00:00:00.000Z
2011-06-01T00:00:00.000Z,452776,960625,2011-06-01T00:00:00.000Z,2011-07-01T00:00:00.000Z
2011-07-01T00:00:00.000Z,437867,979002,2011-07-01T00:00:00.000Z,2011-08-01T00:00:00.000Z
2011-08-01T00:00:00.000Z,522883,908083,2011-08-01T00:00:00.000Z,2011-09-01T00:00:00.000Z
2011-09-01T00:00:00.000Z,520637,980838,2011-09-01T00:00:00.000Z,2011-10-01T00:00:00.000Z
2011-10-01T00:00:00.000Z,459661,865038,2011-10-01T00:00:00.000Z,2011-11-01T00:00:00.000Z
2011-11-01T00:00:00.000Z,461573,861076,2011-11-01T00:00:00.000Z,2011-12-01T00:00:00.000Z
2011-12-01T00:00:00.000Z,620650,906233,2011-12-01T00:00:00.000Z,2012-01-01T00:00:00.000Z
2012-01-01T00:00:00.000Z,491233,1003874,2012-01-01T00:00:00.000Z,2012-02-01T00:00:00.000Z
2012-02-01T00:00:00.000Z,507508,916636,2012-02-01T00:00:00.000Z,2012-03-01T00:00:00.000Z
2012-03-01T00:00:00.000Z,536941,958054,2012-03-01T00:00:00.000Z,2012-04-01T00:00:00.000Z
2012-04-01T00:00:00.000Z,558048,912837,2012-04-01T00:00:00.000Z,2012-05-01T00:00:00.000Z
2012-05-01T00:00:00.000Z,547065,1036409,2012-05-01T00:00:00.000Z,2012-06-01T00:00:00.000Z
2012-06-01T00:00:00.000Z,416503,901557,2012-06-01T00:00:00.000Z,2012-07-01T00:00:00.000Z
2012-07-01T00:00:00.000Z,459502,943619,2012-07-01T00:00:00.000Z,2012-08-01T00:00:00.000Z
2012-08-01T00:00:00.000Z,418774,934477,2012-08-01T00:00:00.000Z,2012-09-01T00:00:00.000Z
2012-09-01T00:00:00.000Z,909236,864913,2012-09-01T00:00:00.000Z,2012-10-01T00:00:00.000Z
2012-10-01T00:00:00.000Z,709338,994536,2012-10-01T00:00:00.000Z,2012-11-01T00:00:00.000Z
2012-11-01T00:00:00.000Z,419326,1045844,2012-11-01T00:00:00.000Z,2012-12-01T00:00:00.000Z
2012-12-01T00:00:00.000Z,403441,984595,2012-12-01T00:00:00.000Z,2013-01-01T00:00:00.000Z
2013-01-01T00:00:00.000Z,466351,1029336,2013-01-01T00:00:00.000Z,2013-02-01T00:00:00.000Z
2013-02-01T00:00:00.000Z,431949,1339064,2013-02-01T00:00:00.000Z,2013-03-01T00:00:00.000Z
2013-03-01T00:00:00.000Z,714660,2033915,2013-03-01T00:00:00.000Z,2013-04-01T00:00:00.000Z
2013-04-01T00:00:00.000Z,464253,920428,2013-04-01T00:00:00.000Z,2013-05-01T00:00:00.000Z
2013-05-01T00:00:00.000Z,414250,818868,2013-05-01T00:00:00.000Z,2013-06-01T00:00:00.000Z
2013-06-01T00:00:00.000Z,434819,813290,2013-06-01T00:00:00.000Z,2013-07-01T00:00:00.000Z
2013-07-01T00:00:00.000Z,420507,754433,2013-07-01T00:00:00.000Z,2013-08-01T00:00:00.000Z
2013-08-01T00:00:00.000Z,435972,810182,2013-08-01T00:00:00.000Z,2013-09-01T00:00:00.000Z
2013-09-01T00:00:00.000Z,402356,801239,2013-09-01T00:00:00.000Z,2013-10-01T00:00:00.000Z
2013-10-01T00:00:00.000Z,395955,806921,2013-10-01T00:00:00.000Z,2013-11-01T00:00:00.000Z
2013-11-01T00:00:00.000Z,356569,803104,2013-11-01T00:00:00.000Z,2013-12-01T00:00:00.000Z
2013-12-01T00:00:00.000Z,514551,850583,2013-12-01T00:00:00.000Z,2014-01-01T00:00:00.000Z
2014-01-01T00:00:00.000Z,422823,887037,2014-01-01T00:00:00.000Z,2014-02-01T00:00:00.000Z
2014-02-01T00:00:00.000Z,359546,771760,2014-02-01T00:00:00.000Z,2014-03-01T00:00:00.000Z
2014-03-01T00:00:00.000Z,388269,813560,2014-03-01T00:00:00.000Z,2014-04-01T00:00:00.000Z
2014-04-01T00:00:00.000Z,366304,828260,2014-04-01T00:00:00.000Z,2014-05-01T00:00:00.000Z
2014-05-01T00:00:00.000Z,425076,808731,2014-05-01T00:00:00.000Z,2014-06-01T00:00:00.000Z
2014-06-01T00:00:00.000Z,355079,751580,2014-06-01T00:00:00.000Z,2014-07-01T00:00:00.000Z
2014-07-01T00:00:00.000Z,439627,816672,2014-07-01T00:00:00.000Z,2014-08-01T00:00:00.000Z
2014-08-01T00:00:00.000Z,375754,836647,2014-08-01T00:00:00.000Z,2014-09-01T00:00:00.000Z
2014-09-01T00:00:00.000Z,377819,749011,2014-09-01T00:00:00.000Z,2014-10-01T00:00:00.000Z
2014-10-01T00:00:00.000Z,399688,739146,2014-10-01T00:00:00.000Z,2014-11-01T00:00:00.000Z
2014-11-01T00:00:00.000Z,363591,804075,2014-11-01T00:00:00.000Z,2014-12-01T00:00:00.000Z
2014-12-01T00:00:00.000Z,455345,799379,2014-12-01T00:00:00.000Z,2015-01-01T00:00:00.000Z
2015-01-01T00:00:00.000Z,440754,841189,2015-01-01T00:00:00.000Z,2015-02-01T00:00:00.000Z
2015-02-01T00:00:00.000Z,380250,797330,2015-02-01T00:00:00.000Z,2015-03-01T00:00:00.000Z
2015-03-01T00:00:00.000Z,883036,829473,2015-03-01T00:00:00.000Z,2015-04-01T00:00:00.000Z
2015-04-01T00:00:00.000Z,948110,918639,2015-04-01T00:00:00.000Z,2015-05-01T00:00:00.000Z
2015-05-01T00:00:00.000Z,415562,959175,2015-05-01T00:00:00.000Z,2015-06-01T00:00:00.000Z
2015-06-01T00:00:00.000Z,356342,874343,2015-06-01T00:00:00.000Z,2015-07-01T00:00:00.000Z
2015-07-01T00:00:00.000Z,383958,809264,2015-07-01T00:00:00.000Z,2015-08-01T00:00:00.000Z
2015-08-01T00:00:00.000Z,417200,901880,2015-08-01T00:00:00.000Z,2015-09-01T00:00:00.000Z
2015-09-01T00:00:00.000Z,437931,867380,2015-09-01T00:00:00.000Z,2015-10-01T00:00:00.000Z
2015-10-01T00:00:00.000Z,539251,846697,2015-10-01T00:00:00.000Z,2015-11-01T00:00:00.000Z
2015-11-01T00:00:00.000Z,536958,813196,2015-11-01T00:00:00.000Z,2015-12-01T00:00:00.000Z
2015-12-01T00:00:00.000Z,401298,852733,2015-12-01T00:00:00.000Z,2016-01-01T00:00:00.000Z
2016-01-01T00:00:00.000Z,497796,917001,2016-01-01T00:00:00.000Z,2016-02-01T00:00:00.000Z
2016-02-01T00:00:00.000Z,530144,1029582,2016-02-01T00:00:00.000Z,2016-03-01T00:00:00.000Z
2016-03-01T00:00:00.000Z,571083,1097548,2016-03-01T00:00:00.000Z,2016-04-01T00:00:00.000Z
2016-04-01T00:00:00.000Z,513137,1072330,2016-04-01T00:00:00.000Z,2016-05-01T00:00:00.000Z
2016-05-01T00:00:00.000Z,434059,1169278,2016-05-01T00:00:00.000Z,2016-06-01T00:00:00.000Z
2016-06-01T00:00:00.000Z,380768,1050957,2016-06-01T00:00:00.000Z,2016-07-01T00:00:00.000Z
2016-07-01T00:00:00.000Z,444629,971248,2016-07-01T00:00:00.000Z,2016-08-01T00:00:00.000Z
2016-08-01T00:00:00.000Z,368083,949178,2016-08-01T00:00:00.000Z,2016-09-01T00:00:00.000Z
2016-09-01T00:00:00.000Z,433364,1072919,2016-09-01T00:00:00.000Z,2016-10-01T00:00:00.000Z
2016-10-01T00:00:00.000Z,555311,1123561,2016-10-01T00:00:00.000Z,2016-11-01T00:00:00.000Z
2016-11-01T00:00:00.000Z,569941,1135170,2016-11-01T00:00:00.000Z,2016-12-01T00:00:00.000Z
2016-12-01T00:00:00.000Z,669911,1083397,2016-12-01T00:00:00.000Z,2017-01-01T00:00:00.000Z
2017-01-01T00:00:00.000Z,567611,1047626,2017-01-01T00:00:00.000Z,2017-02-01T00:00:00.000Z
2017-02-01T00:00:00.000Z,540859,1025504,2017-02-01T00:00:00.000Z,2017-03-01T00:00:00.000Z
2017-03-01T00:00:00.000Z,411994,1207976,2017-03-01T00:00:00.000Z,2017-04-01T00:00:00.000Z
2017-04-01T00:00:00.000Z,451756,983943,2017-04-01T00:00:00.000Z,2017-05-01T00:00:00.000Z
2017-05-01T00:00:00.000Z,522053,996775,2017-05-01T00:00:00.000Z,2017-06-01T00:00:00.000Z
2017-06-01T00:00:00.000Z,415708,1166981,2017-06-01T00:00:00.000Z,2017-07-01T00:00:00.000Z
2017-07-01T00:00:00.000Z,490481,1048411,2017-07-01T00:00:00.000Z,2017-08-01T00:00:00.000Z
2017-08-01T00:00:00.000Z,537449,1033801,2017-08-01T00:00:00.000Z,2017-09-01T00:00:00.000Z
2017-09-01T00:00:00.000Z,520126,1050261,2017-09-01T00:00:00.000Z,2017-10-01T00:00:00.000Z
2017-10-01T00:00:00.000Z,532816,950417,2017-10-01T00:00:00.000Z,2017-11-01T00:00:00.000Z
2017-11-01T00:00:00.000Z,458254,1002300,2017-11-01T00:00:00.000Z,2017-12-01T00:00:00.000Z
2017-12-01T00:00:00.000Z,564124,1077618,2017-12-01T00:00:00.000Z,2018-01-01T00:00:00.000Z
2018-01-01T00:00:00.000Z,565806,1113477,2018-01-01T00:00:00.000Z,2018-02-01T00:00:00.000Z
2018-02-01T00:00:00.000Z,398653,1115941,2018-02-01T00:00:00.000Z,2018-03-01T00:00:00.000Z
2018-03-01T00:00:00.000Z,496836,1212476,2018-03-01T00:00:00.000Z,2018-04-01T00:00:00.000Z
2018-04-01T00:00:00.000Z,461666,1099922,2018-04-01T00:00:00.000Z,2018-05-01T00:00:00.000Z
2018-05-01T00:00:00.000Z,410937,1026350,2018-05-01T00:00:00.000Z,2018-06-01T00:00:00.000Z
2018-06-01T00:00:00.000Z,360222,940317,2018-06-01T00:00:00.000Z,2018-07-01T00:00:00.000Z
2018-07-01T00:00:00.000Z,361001,939238,2018-07-01T00:00:00.000Z,2018-08-01T00:00:00.000Z
2018-08-01T00:00:00.000Z,448068,936588,2018-08-01T00:00:00.000Z,2018-09-01T00:00:00.000Z
2018-09-01T00:00:00.000Z,431369,927519,2018-09-01T00:00:00.000Z,2018-10-01T00:00:00.000Z
2018-10-01T00:00:00.000Z,451333,973384,2018-10-01T00:00:00.000Z,2018-11-01T00:00:00.000Z
2018-11-01T00:00:00.000Z,500448,963987,2018-11-01T00:00:00.000Z,2018-12-01T00:00:00.000Z
2018-12-01T00:00:00.000Z,508266,956235,2018-12-01T00:00:00.000Z,2019-01-01T00:00:00.000Z
2019-01-01T00:00:00.000Z,493296,1011014,2019-01-01T00:00:00.000Z,2019-02-01T00:00:00.000Z
2019-02-01T00:00:00.000Z,432680,893611,2019-02-01T00:00:00.000Z,2019-03-01T00:00:00.000Z
2019-03-01T00:00:00.000Z,452528,962527,2019-03-01T00:00:00.000Z,2019-04-01T00:00:00.000Z
2019-04-01T00:00:00.000Z,447058,911596,2019-04-01T00:00:00.000Z,2019-05-01T00:00:00.000Z
2019-05-01T00:00:00.000Z,499235,973165,2019-05-01T00:00:00.000Z,2019-06-01T00:00:00.000Z
2019-06-01T00:00:00.000Z,385162,1005783,2019-06-01T00:00:00.000Z,2019-07-01T00:00:00.000Z
2019-07-01T00:00:00.000Z,365989,1013864,2019-07-01T00:00:00.000Z,2019-08-01T00:00:00.000Z
2019-08-01T00:00:00.000Z,388487,994140,2019-08-01T00:00:00.000Z,2019-09-01T00:00:00.000Z
2019-09-01T00:00:00.000Z,463895,1585139,2019-09-01T00:00:00.000Z,2019-10-01T00:00:00.000Z
2019-10-01T00:00:00.000Z,454135,1153429,2019-10-01T00:00:00.000Z,2019-11-01T00:00:00.000Z
2019-11-01T00:00:00.000Z,437194,975748,2019-11-01T00:00:00.000Z,2019-12-01T00:00:00.000Z
2019-12-01T00:00:00.000Z,355224,1115597,2019-12-01T00:00:00.000Z,2020-01-01T00:00:00.000Z
2020-01-01T00:00:00.000Z,404997,1213152,2020-01-01T00:00:00.000Z,2020-02-01T00:00:00.000Z
2020-02-01T00:00:00.000Z,403704,1087922,2020-02-01T00:00:00.000Z,2020-03-01T00:00:00.000Z
2020-03-01T00:00:00.000Z,485661,1156491,2020-03-01T00:00:00.000Z,2020-04-01T00:00:00.000Z
2020-04-01T00:00:00.000Z,614886,1265191,2020-04-01T00:00:00.000Z,2020-05-01T00:00:00.000Z
2020-05-01T00:00:00.000Z,557294,1334195,2020-05-01T00:00:00.000Z,2020-06-01T00:00:00.000Z
2020-06-01T00:00:00.000Z,477106,1170828,2020-06-01T00:00:00.000Z,2020-07-01T00:00:00.000Z
2020-07-01T00:00:00.000Z,452943,1072774,2020-07-01T00:00:00.000Z,2020-08-01T00:00:00.000Z
2020-08-01T00:00:00.000Z,588864,1129842,2020-08-01T00:00:00.000Z,2020-09-01T00:00:00.000Z
2020-09-01T00:00:00.000Z,632579,1043038,2020-09-01T00:00:00.000Z,2020-10-01T00:00:00.000Z
2020-10-01T00:00:00.000Z,448894,1157755,2020-10-01T00:00:00.000Z,2020-11-01T00:00:00.000Z
2020-11-01T00:00:00.000Z,444759,1158810,2020-11-01T00:00:00.000Z,2020-12-01T00:00:00.000Z
2020-12-01T00:00:00.000Z,426384,1537303,2020-12-01T00:00:00.000Z,2021-01-01T00:00:00.000Z
2021-01-01T00:00:00.000Z,525737,1709896,2021-01-01T00:00:00.000Z,2021-02-01T00:00:00.000Z
2021-02-01T00:00:00.000Z,690656,1161925,2021-02-01T00:00:00.000Z,2021-03-01T00:00:00.000Z
2021-03-01T00:00:00.000Z,554382,1321591,2021-03-01T00:00:00.000Z,2021-04-01T00:00:00.000Z
2021-04-01T00:00:00.000Z,547090,1197256,2021-04-01T00:00:00.000Z,2021-05-01T00:00:00.000Z
2021-05-01T00:00:00.000Z,450314,1171668,2021-05-01T00:00:00.000Z,2021-06-01T00:00:00.000Z
2021-06-01T00:00:00.000Z,547434,1065552,2021-06-01T00:00:00.000Z,2021-07-01T00:00:00.000Z
2021-07-01T00:00:00.000Z,516140,1088403,2021-07-01T00:00:00.000Z,2021-08-01T00:00:00.000Z
2021-08-01T00:00:00.000Z,578898,1037135,2021-08-01T00:00:00.000Z,2021-09-01T00:00:00.000Z
2021-09-01T00:00:00.000Z,1226216,1082792,2021-09-01T00:00:00.000Z,2021-10-01T00:00:00.000Z
2021-10-01T00:00:00.000Z,827194,1085504,2021-10-01T00:00:00.000Z,2021-11-01T00:00:00.000Z
2021-11-01T00:00:00.000Z,588526,1114256,2021-11-01T00:00:00.000Z,2021-12-01T00:00:00.000Z
2021-12-01T00:00:00.000Z,472563,1172652,2021-12-01T00:00:00.000Z,2022-01-01T00:00:00.000Z
2022-01-01T00:00:00.000Z,1002956,1291290,2022-01-01T00:00:00.000Z,2022-02-01T00:00:00.000Z
2022-02-01T00:00:00.000Z,989500,1102420,2022-02-01T00:00:00.000Z,2022-03-01T00:00:00.000Z
2022-03-01T00:00:00.000Z,1091396,1164483,2022-03-01T00:00:00.000Z,2022-04-01T00:00:00.000Z
2022-04-01T00:00:00.000Z,683741,1206096,2022-04-01T00:00:00.000Z,2022-05-01T00:00:00.000Z
2022-05-01T00:00:00.000Z,815038,1087517,2022-05-01T00:00:00.000Z,2022-06-01T00:00:00.000Z
2022-06-01T00:00:00.000Z,550974,1141366,2022-06-01T00:00:00.000Z,2022-07-01T00:00:00.000Z
2022-07-01T00:00:00.000Z,1276743,1098981,2022-07-01T00:00:00.000Z,2022-08-01T00:00:00.000Z
2022-08-01T00:00:00.000Z,1672628,1160428,2022-08-01T00:00:00.000Z,2022-09-01T00:00:00.000Z
2022-09-01T00:00:00.000Z,1250047,1043132,2022-09-01T00:00:00.000Z,2022-10-01T00:00:00.000Z
2022-10-01T00:00:00.000Z,1575389,1035339,2022-10-01T00:00:00.000Z,2022-11-01T00:00:00.000Z
2022-11-01T00:00:00.000Z,1375556,980682,2022-11-01T00:00:00.000Z,2022-12-01T00:00:00.000Z
2022-12-01T00:00:00.000Z,1790562,979048,2022-12-01T00:00:00.000Z,2023-01-01T00:00:00.000Z
2023-01-01T00:00:00.000Z,1310880,1125505,2023-01-01T00:00:00.000Z,2023-02-01T00:00:00.000Z
2023-02-01T00:00:00.000Z,1267178,1043780,2023-02-01T00:00:00.000Z,2023-03-01T00:00:00.000Z
2023-03-01T00:00:00.000Z,801558,1161962,2023-03-01T00:00:00.000Z,2023-04-01T00:00:00.000Z
2023-04-01T00:00:00.000Z,580176,1089071,2023-04-01T00:00:00.000Z,2023-05-01T00:00:00.000Z
2023-05-01T00:00:00.000Z,519265,1339591,2023-05-01T00:00:00.000Z,2023-06-01T00:00:00.000Z
2023-06-01T00:00:00.000Z,566291,1100004,2023-06-01T00:00:00.000Z,2023-07-01T00:00:00.000Z
2023-07-01T00:00:00.000Z,613646,1290181,2023-07-01T00:00:00.000Z,2023-08-01T00:00:00.000Z
2023-08-01T00:00:00.000Z,481200,1237212,2023-08-01T00:00:00.000Z,2023-09-01T00:00:00.000Z
2023-09-01T00:00:00.000Z,443072,1161798,2023-09-01T00:00:00.000Z,2023-10-01T00:00:00.000Z
2023-10-01T00:00:00.000Z,496906,1065683,2023-10-01T00:00:00.000Z,2023-11-01T00:00:00.000Z
2023-11-01T00:00:00.000Z,523833,1034936,2023-11-01T00:00:00.000Z,2023-12-01T00:00:00.000Z
2023-12-01T00:00:00.000Z,746375,1153401,2023-12-01T00:00:00.000Z,2024-01-01T00:00:00.000Z