month,total.anonymous,total.user,timeRange.start,timeRange.end,total.name-bot,total.group-bot
2001-01-01T00:00:00.000Z,18,53,2001-01-01T00:00:00.000Z,2001-02-01T00:00:00.000Z,,
2001-02-01T00:00:00.000Z,26,161,2001-02-01T00:00:00.000Z,2001-03-01T00:00:00.000Z,,
2001-03-01T00:00:00.000Z,191,492,2001-03-01T00:00:00.000Z,2001-04-01T00:00:00.000Z,,
2001-04-01T00:00:00.000Z,111,584,2001-04-01T00:00:00.000Z,2001-05-01T00:00:00.000Z,,
2001-05-01T00:00:00.000Z,205,1274,2001-05-01T00:00:00.000Z,2001-06-01T00:00:00.000Z,,
2001-06-01T00:00:00.000Z,240,502,2001-06-01T00:00:00.000Z,2001-07-01T00:00:00.000Z,,
2001-07-01T00:00:00.000Z,480,907,2001-07-01T00:00:00.000Z,2001-08-01T00:00:00.000Z,,
2001-08-01T00:00:00.000Z,819,1666,2001-08-01T00:00:00.000Z,2001-09-01T00:00:00.000Z,,
2001-09-01T00:00:00.000Z,1436,2919,2001-09-01T00:00:00.000Z,2001-10-01T00:00:00.000Z,,
2001-10-01T00:00:00.000Z,2235,4874,2001-10-01T00:00:00.000Z,2001-11-01T00:00:00.000Z,,
2001-11-01T00:00:00.000Z,2446,4604,2001-11-01T00:00:00.000Z,2001-12-01T00:00:00.000Z,,
2001-12-01T00:00:00.000Z,2991,4779,2001-12-01T00:00:00.000Z,2002-01-01T00:00:00.000Z,5,
2002-01-01T00:00:00.000Z,2144,3698,2002-01-01T00:00:00.000Z,2002-02-01T00:00:00.000Z,12,
2002-02-01T00:00:00.000Z,4266,27774,2002-02-01T00:00:00.000Z,2002-03-01T00:00:00.000Z,,
2002-03-01T00:00:00.000Z,3220,6677,2002-03-01T00:00:00.000Z,2002-04-01T00:00:00.000Z,,
2002-04-01T00:00:00.000Z,2669,6378,2002-04-01T00:00:00.000Z,2002-05-01T00:00:00.000Z,,
2002-05-01T00:00:00.000Z,3516,5838,2002-05-01T00:00:00.000Z,2002-06-01T00:00:00.000Z,,
2002-06-01T00:00:00.000Z,3852,8412,2002-06-01T00:00:00.000Z,2002-07-01T00:00:00.000Z,,
2002-07-01T00:00:00.000Z,4374,9589,2002-07-01T00:00:00.000Z,2002-08-01T00:00:00.000Z,,
2002-08-01T00:00:00.000Z,6968,15458,2002-08-01T00:00:00.000Z,2002-09-01T00:00:00.000Z,16,
2002-09-01T00:00:00.000Z,7753,25265,2002-09-01T00:00:00.000Z,2002-10-01T00:00:00.000Z,,
2002-10-01T00:00:00.000Z,8483,53117,2002-10-01T00:00:00.000Z,2002-11-01T00:00:00.000Z,,
2002-11-01T00:00:00.000Z,7733,17088,2002-11-01T00:00:00.000Z,2002-12-01T00:00:00.000Z,20,
2002-12-01T00:00:00.000Z,7501,18098,2002-12-01T00:00:00.000Z,2003-01-01T00:00:00.000Z,31644,
2003-01-01T00:00:00.000Z,8795,21791,2003-01-01T00:00:00.000Z,2003-02-01T00:00:00.000Z,,
2003-02-01T00:00:00.000Z,6661,20740,2003-02-01T00:00:00.000Z,2003-03-01T00:00:00.000Z,,
2003-03-01T00:00:00.000Z,7542,21145,2003-03-01T00:00:00.000Z,2003-04-01T00:00:00.000Z,,
2003-04-01T00:00:00.000Z,8280,22576,2003-04-01T00:00:00.000Z,2003-05-01T00:00:00.000Z,,
2003-05-01T00:00:00.000Z,9511,28804,2003-05-01T00:00:00.000Z,2003-06-01T00:00:00.000Z,44,
2003-06-01T00:00:00.000Z,9922,29518,2003-06-01T00:00:00.000Z,2003-07-01T00:00:00.000Z,5930,
2003-07-01T00:00:00.000Z,12466,32262,2003-07-01T00:00:00.000Z,2003-08-01T00:00:00.000Z,10192,
2003-08-01T00:00:00.000Z,14241,36033,2003-08-01T00:00:00.000Z,2003-09-01T00:00:00.000Z,58,
2003-09-01T00:00:00.000Z,14362,34997,2003-09-01T00:00:00.000Z,2003-10-01T00:00:00.000Z,474,
2003-10-01T00:00:00.000Z,14865,35394,2003-10-01T00:00:00.000Z,2003-11-01T00:00:00.000Z,1760,
2003-11-01T00:00:00.000Z,15685,47121,2003-11-01T00:00:00.000Z,2003-12-01T00:00:00.000Z,99,
2003-12-01T00:00:00.000Z,16958,52657,2003-12-01T00:00:00.000Z,2004-01-01T00:00:00.000Z,5876,27
2004-01-01T00:00:00.000Z,17747,53343,2004-01-01T00:00:00.000Z,2004-02-01T00:00:00.000Z,1758,
2004-02-01T00:00:00.000Z,23623,69909,2004-02-01T00:00:00.000Z,2004-03-01T00:00:00.000Z,1893,1
2004-03-01T00:00:00.000Z,32835,93394,2004-03-01T00:00:00.000Z,2004-04-01T00:00:00.000Z,3094,
2004-04-01T00:00:00.000Z,31732,96395,2004-04-01T00:00:00.000Z,2004-05-01T00:00:00.000Z,744,
2004-05-01T00:00:00.000Z,32842,99825,2004-05-01T00:00:00.000Z,2004-06-01T00:00:00.000Z,136,95
2004-06-01T00:00:00.000Z,34235,162816,2004-06-01T00:00:00.000Z,2004-07-01T00:00:00.000Z,60,97
2004-07-01T00:00:00.000Z,39175,137391,2004-07-01T00:00:00.000Z,2004-08-01T00:00:00.000Z,1071,18011
2004-08-01T00:00:00.000Z,40514,152045,2004-08-01T00:00:00.000Z,2004-09-01T00:00:00.000Z,29287,2310
2004-09-01T00:00:00.000Z,49384,160440,2004-09-01T00:00:00.000Z,2004-10-01T00:00:00.000Z,2949,5087
2004-10-01T00:00:00.000Z,54079,182139,2004-10-01T00:00:00.000Z,2004-11-01T00:00:00.000Z,14240,1049
2004-11-01T00:00:00.000Z,64149,206417,2004-11-01T00:00:00.000Z,2004-12-01T00:00:00.000Z,40735,2994
2004-12-01T00:00:00.000Z,68207,192074,2004-12-01T00:00:00.000Z,2005-01-01T00:00:00.000Z,26314,14494
2005-01-01T00:00:00.000Z,66918,175598,2005-01-01T00:00:00.000Z,2005-02-01T00:00:00.000Z,1268,2970
2005-02-01T00:00:00.000Z,66906,176741,2005-02-01T00:00:00.000Z,2005-03-01T00:00:00.000Z,1538,1205
2005-03-01T00:00:00.000Z,81284,219188,2005-03-01T00:00:00.000Z,2005-04-01T00:00:00.000Z,4975,1618
2005-04-01T00:00:00.000Z,99532,250281,2005-04-01T00:00:00.000Z,2005-05-01T00:00:00.000Z,22458,4557
2005-05-01T00:00:00.000Z,109594,261928,2005-05-01T00:00:00.000Z,2005-06-01T00:00:00.000Z,18046,3975
2005-06-01T00:00:00.000Z,117380,282280,2005-06-01T00:00:00.000Z,2005-07-01T00:00:00.000Z,4248,9762
2005-07-01T00:00:00.000Z,133906,321777,2005-07-01T00:00:00.000Z,2005-08-01T00:00:00.000Z,13090,10582
2005-08-01T00:00:00.000Z,147526,352577,2005-08-01T00:00:00.000Z,2005-09-01T00:00:00.000Z,19995,4236
2005-09-01T00:00:00.000Z,144315,343731,2005-09-01T00:00:00.000Z,2005-10-01T00:00:00.000Z,61411,12143
2005-10-01T00:00:00.000Z,175374,394006,2005-10-01T00:00:00.000Z,2005-11-01T00:00:00.000Z,45205,10054
2005-11-01T00:00:00.000Z,179429,392756,2005-11-01T00:00:00.000Z,2005-12-01T00:00:00.000Z,92050,6333
2005-12-01T00:00:00.000Z,197331,515163,2005-12-01T00:00:00.000Z,2006-01-01T00:00:00.000Z,50448,6151
2006-01-01T00:00:00.000Z,212627,574905,2006-01-01T00:00:00.000Z,2006-02-01T00:00:00.000Z,74105,4820
2006-02-01T00:00:00.000Z,207637,596793,2006-02-01T00:00:00.000Z,2006-03-01T00:00:00.000Z,91518,8319
2006-03-01T00:00:00.000Z,226173,615081,2006-03-01T00:00:00.000Z,2006-04-01T00:00:00.000Z,237596,11322
2006-04-01T00:00:00.000Z,230797,628694,2006-04-01T00:00:00.000Z,2006-05-01T00:00:00.000Z,138765,38728
2006-05-01T00:00:00.000Z,255893,677598,2006-05-01T00:00:00.000Z,2006-06-01T00:00:00.000Z,136170,46012
2006-06-01T00:00:00.000Z,251682,697848,2006-06-01T00:00:00.000Z,2006-07-01T00:00:00.000Z,117529,39532
2006-07-01T00:00:00.000Z,257601,739466,2006-07-01T00:00:00.000Z,2006-08-01T00:00:00.000Z,156985,35639
2006-08-01T00:00:00.000Z,277396,943422,2006-08-01T00:00:00.000Z,2006-09-01T00:00:00.000Z,196314,50603
2006-09-01T00:00:00.000Z,283282,804169,2006-09-01T00:00:00.000Z,2006-10-01T00:00:00.000Z,143956,37826
2006-10-01T00:00:00.000Z,304342,827471,2006-10-01T00:00:00.000Z,2006-11-01T00:00:00.000Z,186036,28186
2006-11-01T00:00:00.000Z,317211,847966,2006-11-01T00:00:00.000Z,2006-12-01T00:00:00.000Z,160786,29229
2006-12-01T00:00:00.000Z,313546,878051,2006-12-01T00:00:00.000Z,2007-01-01T00:00:00.000Z,197218,40058
2007-01-01T00:00:00.000Z,340539,950379,2007-01-01T00:00:00.000Z,2007-02-01T00:00:00.000Z,224313,49601
2007-02-01T00:00:00.000Z,339820,937978,2007-02-01T00:00:00.000Z,2007-03-01T00:00:00.000Z,234551,87110
2007-03-01T00:00:00.000Z,358801,1076215,2007-03-01T00:00:00.000Z,2007-04-01T00:00:00.000Z,256625,67671
2007-04-01T00:00:00.000Z,359683,1136588,2007-04-01T00:00:00.000Z,2007-05-01T00:00:00.000Z,230195,154129
2007-05-01T00:00:00.000Z,366616,1062921,2007-05-01T00:00:00.000Z,2007-06-01T00:00:00.000Z,210822,107946
2007-06-01T00:00:00.000Z,339555,981040,2007-06-01T00:00:00.000Z,2007-07-01T00:00:00.000Z,255732,72797
2007-07-01T00:00:00.000Z,332995,988484,2007-07-01T00:00:00.000Z,2007-08-01T00:00:00.000Z,207561,49049
2007-08-01T00:00:00.000Z,339454,981003,2007-08-01T00:00:00.000Z,2007-09-01T00:00:00.000Z,250232,76213
2007-09-01T00:00:00.000Z,343273,935854,2007-09-01T00:00:00.000Z,2007-10-01T00:00:00.000Z,267979,142214
2007-10-01T00:00:00.000Z,359920,972855,2007-10-01T00:00:00.000Z,2007-11-01T00:00:00.000Z,337725,127076
2007-11-01T00:00:00.000Z,341614,936189,2007-11-01T00:00:00.000Z,2007-12-01T00:00:00.000Z,289629,122291
2007-12-01T00:00:00.000Z,327715,960096,2007-12-01T00:00:00.000Z,2008-01-01T00:00:00.000Z,302382,114355
2008-01-01T00:00:00.000Z,364601,1107512,2008-01-01T00:00:00.000Z,2008-02-01T00:00:00.000Z,267451,141075
2008-02-01T00:00:00.000Z,359396,1042558,2008-02-01T00:00:00.000Z,2008-03-01T00:00:00.000Z,329279,84670
2008-03-01T00:00:00.000Z,382393,1121075,2008-03-01T00:00:00.000Z,2008-04-01T00:00:00.000Z,374145,130032
2008-04-01T00:00:00.000Z,376690,1103185,2008-04-01T00:00:00.000Z,2008-05-01T00:00:00.000Z,284523,113614
2008-05-01T00:00:00.000Z,373850,1085996,2008-05-01T00:00:00.000Z,2008-06-01T00:00:00.000Z,313884,120363
2008-06-01T00:00:00.000Z,349363,1052261,2008-06-01T00:00:00.000Z,2008-07-01T00:00:00.000Z,385756,105698
2008-07-01T00:00:00.000Z,349856,1063117,2008-07-01T00:00:00.000Z,2008-08-01T00:00:00.000Z,299151,130878
2008-08-01T00:00:00.000Z,348477,1082542,2008-08-01T00:00:00.000Z,2008-09-01T00:00:00.000Z,340786,99512
2008-09-01T00:00:00.000Z,357327,1131008,2008-09-01T00:00:00.000Z,2008-10-01T00:00:00.000Z,411091,184716
2008-10-01T00:00:00.000Z,375300,1096323,2008-10-01T00:00:00.000Z,2008-11-01T00:00:00.000Z,267162,170624
2008-11-01T00:00:00.000Z,347022,1015498,2008-11-01T00:00:00.000Z,2008-12-01T00:00:00.000Z,359655,181426
2008-12-01T00:00:00.000Z,334842,1054213,2008-12-01T00:00:00.000Z,2009-01-01T00:00:00.000Z,282826,169529
2009-01-01T00:00:00.000Z,369180,1051788,2009-01-01T00:00:00.000Z,2009-02-01T00:00:00.000Z,284675,183168
2009-02-01T00:00:00.000Z,362426,993152,2009-02-01T00:00:00.000Z,2009-03-01T00:00:00.000Z,242745,295041
2009-03-01T00:00:00.000Z,382421,1112216,2009-03-01T00:00:00.000Z,2009-04-01T00:00:00.000Z,424818,236918
2009-04-01T00:00:00.000Z,359267,1022372,2009-04-01T00:00:00.000Z,2009-05-01T00:00:00.000Z,296721,172490
2009-05-01T00:00:00.000Z,360697,1116142,2009-05-01T00:00:00.000Z,2009-06-01T00:00:00.000Z,463556,133605
2009-06-01T00:00:00.000Z,342873,978850,2009-06-01T00:00:00.000Z,2009-07-01T00:00:00.000Z,324386,170527
2009-07-01T00:00:00.000Z,335309,966519,2009-07-01T00:00:00.000Z,2009-08-01T00:00:00.000Z,262449,136784
2009-08-01T00:00:00.000Z,340535,1001390,2009-08-01T00:00:00.000Z,2009-09-01T00:00:00.000Z,299851,94720
2009-09-01T00:00:00.000Z,343366,1026570,2009-09-01T00:00:00.000Z,2009-10-01T00:00:00.000Z,349590,159339
2009-10-01T00:00:00.000Z,358608,1021159,2009-10-01T00:00:00.000Z,2009-11-01T00:00:00.000Z,307466,141965
2009-11-01T00:00:00.000Z,349659,1015357,2009-11-01T00:00:00.000Z,2009-12-01T00:00:00.000Z,254526,155988
2009-12-01T00:00:00.000Z,331980,1033652,2009-12-01T00:00:00.000Z,2010-01-01T00:00:00.000Z,804966,184905
2010-01-01T00:00:00.000Z,359085,1018200,2010-01-01T00:00:00.000Z,2010-02-01T00:00:00.000Z,265857,147715
2010-02-01T00:00:00.000Z,349391,984630,2010-02-01T00:00:00.000Z,2010-03-01T00:00:00.000Z,186303,155727
2010-03-01T00:00:00.000Z,371763,1061083,2010-03-01T00:00:00.000Z,2010-04-01T00:00:00.000Z,247899,216101
2010-04-01T00:00:00.000Z,368046,1024170,2010-04-01T00:00:00.000Z,2010-05-01T00:00:00.000Z,396992,241328
2010-05-01T00:00:00.000Z,360158,1031022,2010-05-01T00:00:00.000Z,2010-06-01T00:00:00.000Z,272155,240153
2010-06-01T00:00:00.000Z,324608,956877,2010-06-01T00:00:00.000Z,2010-07-01T00:00:00.000Z,458277,281923
2010-07-01T00:00:00.000Z,329048,982277,2010-07-01T00:00:00.000Z,2010-08-01T00:00:00.000Z,191396,234457
2010-08-01T00:00:00.000Z,335541,1042304,2010-08-01T00:00:00.000Z,2010-09-01T00:00:00.000Z,244825,200853
2010-09-01T00:00:00.000Z,338436,1070743,2010-09-01T00:00:00.000Z,2010-10-01T00:00:00.000Z,218033,451274
2010-10-01T00:00:00.000Z,344275,1097268,2010-10-01T00:00:00.000Z,2010-11-01T00:00:00.000Z,227010,572773
2010-11-01T00:00:00.000Z,335828,1029444,2010-11-01T00:00:00.000Z,2010-12-01T00:00:00.000Z,175287,572889
2010-12-01T00:00:00.000Z,324885,1023191,2010-12-01T00:00:00.000Z,2011-01-01T00:00:00.000Z,146309,396546
2011-01-01T00:00:00.000Z,357135,1136101,2011-01-01T00:00:00.000Z,2011-02-01T00:00:00.000Z,185737,391418
2011-02-01T00:00:00.000Z,322838,997114,2011-02-01T00:00:00.000Z,2011-03-01T00:00:00.000Z,167994,276114
2011-03-01T00:00:00.000Z,323292,956515,2011-03-01T00:00:00.000Z,2011-04-01T00:00:00.000Z,170414,232311
2011-04-01T00:00:00.000Z,306621,909335,2011-04-01T00:00:00.000Z,2011-05-01T00:00:00.000Z,211983,253316
2011-05-01T00:00:00.000Z,313752,926867,2011-05-01T00:00:00.000Z,2011-06-01T00:00:00.000Z,169684,244566
2011-06-01T00:00:00.000Z,304865,965332,2011-06-01T00:00:00.000Z,2011-07-01T00:00:00.000Z,209597,326733
2011-07-01T00:00:00.000Z,299991,981216,2011-07-01T00:00:00.000Z,2011-08-01T00:00:00.000Z,187659,348092
2011-08-01T00:00:00.000Z,308779,1018492,2011-08-01T00:00:00.000Z,2011-09-01T00:00:00.000Z,253555,206615
2011-09-01T00:00:00.000Z,303190,971517,2011-09-01T00:00:00.000Z,2011-10-01T00:00:00.000Z,196534,404369
2011-10-01T00:00:00.000Z,311463,955636,2011-10-01T00:00:00.000Z,2011-11-01T00:00:00.000Z,169930,246531
2011-11-01T00:00:00.000Z,308265,970673,2011-11-01T00:00:00.000Z,2011-12-01T00:00:00.000Z,171047,210788
2011-12-01T00:00:00.000Z,296441,987039,2011-12-01T00:00:00.000Z,2012-01-01T00:00:00.000Z,296874,304559
2012-01-01T00:00:00.000Z,311159,1046564,2012-01-01T00:00:00.000Z,2012-02-01T00:00:00.000Z,198713,333435
2012-02-01T00:00:00.000Z,310681,978923,2012-02-01T00:00:00.000Z,2012-03-01T00:00:00.000Z,228295,279872
2012-03-01T00:00:00.000Z,314188,1056134,2012-03-01T00:00:00.000Z,2012-04-01T00:00:00.000Z,151957,365425
2012-04-01T00:00:00.000Z,310588,1112952,2012-04-01T00:00:00.000Z,2012-05-01T00:00:00.000Z,134068,267089
2012-05-01T00:00:00.000Z,311522,1125548,2012-05-01T00:00:00.000Z,2012-06-01T00:00:00.000Z,125411,425999
2012-06-01T00:00:00.000Z,287411,991466,2012-06-01T00:00:00.000Z,2012-07-01T00:00:00.000Z,133143,235495
2012-07-01T00:00:00.000Z,292953,955629,2012-07-01T00:00:00.000Z,2012-08-01T00:00:00.000Z,143270,348994
2012-08-01T00:00:00.000Z,295527,999361,2012-08-01T00:00:00.000Z,2012-09-01T00:00:00.000Z,122229,279857
2012-09-01T00:00:00.000Z,294012,970221,2012-09-01T00:00:00.000Z,2012-10-01T00:00:00.000Z,175954,690301
2012-10-01T00:00:00.000Z,310084,1050473,2012-10-01T00:00:00.000Z,2012-11-01T00:00:00.000Z,173852,549244
2012-11-01T00:00:00.000Z,304897,961829,2012-11-01T00:00:00.000Z,2012-12-01T00:00:00.000Z,130323,472760
2012-12-01T00:00:00.000Z,296258,967886,2012-12-01T00:00:00.000Z,2013-01-01T00:00:00.000Z,169392,321163
2013-01-01T00:00:00.000Z,314563,1011598,2013-01-01T00:00:00.000Z,2013-02-01T00:00:00.000Z,205930,362024
2013-02-01T00:00:00.000Z,294021,966563,2013-02-01T00:00:00.000Z,2013-03-01T00:00:00.000Z,107950,936008
2013-03-01T00:00:00.000Z,304955,1010340,2013-03-01T00:00:00.000Z,2013-04-01T00:00:00.000Z,85857,1923616
2013-04-01T00:00:00.000Z,299664,972337,2013-04-01T00:00:00.000Z,2013-05-01T00:00:00.000Z,76213,366409
2013-05-01T00:00:00.000Z,313729,944064,2013-05-01T00:00:00.000Z,2013-06-01T00:00:00.000Z,40020,240583
2013-06-01T00:00:00.000Z,293693,943896,2013-06-01T00:00:00.000Z,2013-07-01T00:00:00.000Z,31972,266135
2013-07-01T00:00:00.000Z,280513,915786,2013-07-01T00:00:00.000Z,2013-08-01T00:00:00.000Z,27584,202258
2013-08-01T00:00:00.000Z,266670,887553,2013-08-01T00:00:00.000Z,2013-09-01T00:00:00.000Z,119933,239628
2013-09-01T00:00:00.000Z,272476,872145,2013-09-01T00:00:00.000Z,2013-10-01T00:00:00.000Z,64447,256232
2013-10-01T00:00:00.000Z,297185,929475,2013-10-01T00:00:00.000Z,2013-11-01T00:00:00.000Z,32398,219310
2013-11-01T00:00:00.000Z,289020,919791,2013-11-01T00:00:00.000Z,2013-12-01T00:00:00.000Z,35130,182034
2013-12-01T00:00:00.000Z,281215,1086839,2013-12-01T00:00:00.000Z,2014-01-01T00:00:00.000Z,50428,226871
2014-01-01T00:00:00.000Z,304773,956006,2014-01-01T00:00:00.000Z,2014-02-01T00:00:00.000Z,61244,305681
2014-02-01T00:00:00.000Z,276776,898544,2014-02-01T00:00:00.000Z,2014-03-01T00:00:00.000Z,49492,182809
2014-03-01T00:00:00.000Z,299580,948081,2014-03-01T00:00:00.000Z,2014-04-01T00:00:00.000Z,37188,210424
2014-04-01T00:00:00.000Z,283770,917845,2014-04-01T00:00:00.000Z,2014-05-01T00:00:00.000Z,31839,262965
2014-05-01T00:00:00.000Z,277397,952943,2014-05-01T00:00:00.000Z,2014-06-01T00:00:00.000Z,27469,261547
2014-06-01T00:00:00.000Z,255636,891865,2014-06-01T00:00:00.000Z,2014-07-01T00:00:00.000Z,31940,173440
2014-07-01T00:00:00.000Z,249518,921823,2014-07-01T00:00:00.000Z,2014-08-01T00:00:00.000Z,52058,292479
2014-08-01T00:00:00.000Z,259099,966873,2014-08-01T00:00:00.000Z,2014-09-01T00:00:00.000Z,24261,214403
2014-09-01T00:00:00.000Z,256048,885950,2014-09-01T00:00:00.000Z,2014-10-01T00:00:00.000Z,21209,233474
2014-10-01T00:00:00.000Z,271655,903253,2014-10-01T00:00:00.000Z,2014-11-01T00:00:00.000Z,28025,197759
2014-11-01T00:00:00.000Z,266120,916143,2014-11-01T00:00:00.000Z,2014-12-01T00:00:00.000Z,27381,222728
2014-12-01T00:00:00.000Z,262905,983822,2014-12-01T00:00:00.000Z,2015-01-01T00:00:00.000Z,23536,246226
2015-01-01T00:00:00.000Z,278630,1051298,2015-01-01T00:00:00.000Z,2015-02-01T00:00:00.000Z,21436,203885
2015-02-01T00:00:00.000Z,265380,920221,2015-02-01T00:00:00.000Z,2015-03-01T00:00:00.000Z,21835,231973
2015-03-01T00:00:00.000Z,278493,986383,2015-03-01T00:00:00.000Z,2015-04-01T00:00:00.000Z,23524,695986
2015-04-01T00:00:00.000Z,288633,927804,2015-04-01T00:00:00.000Z,2015-05-01T00:00:00.000Z,23439,923799
2015-05-01T00:00:00.000Z,292361,1018492,2015-05-01T00:00:00.000Z,2015-06-01T00:00:00.000Z,27286,386447
2015-06-01T00:00:00.000Z,283351,972841,2015-06-01T00:00:00.000Z,2015-07-01T00:00:00.000Z,16421,240119
2015-07-01T00:00:00.000Z,286361,962932,2015-07-01T00:00:00.000Z,2015-08-01T00:00:00.000Z,34234,170615
2015-08-01T00:00:00.000Z,293592,1045420,2015-08-01T00:00:00.000Z,2015-09-01T00:00:00.000Z,30567,248766
2015-09-01T00:00:00.000Z,294528,1025543,2015-09-01T00:00:00.000Z,2015-10-01T00:00:00.000Z,52165,230963
2015-10-01T00:00:00.000Z,302572,1162410,2015-10-01T00:00:00.000Z,2015-11-01T00:00:00.000Z,28899,196995
2015-11-01T00:00:00.000Z,289621,1036342,2015-11-01T00:00:00.000Z,2015-12-01T00:00:00.000Z,30775,272251
2015-12-01T00:00:00.000Z,282889,1033133,2015-12-01T00:00:00.000Z,2016-01-01T00:00:00.000Z,23348,189286
2016-01-01T00:00:00.000Z,314013,1113319,2016-01-01T00:00:00.000Z,2016-02-01T00:00:00.000Z,47860,262407
2016-02-01T00:00:00.000Z,300192,1042763,2016-02-01T00:00:00.000Z,2016-03-01T00:00:00.000Z,44623,521584
2016-03-01T00:00:00.000Z,301591,1013355,2016-03-01T00:00:00.000Z,2016-04-01T00:00:00.000Z,90460,619008
2016-04-01T00:00:00.000Z,295487,1013671,2016-04-01T00:00:00.000Z,2016-05-01T00:00:00.000Z,37142,563091
2016-05-01T00:00:00.000Z,297861,1104522,2016-05-01T00:00:00.000Z,2016-06-01T00:00:00.000Z,87584,448052
2016-06-01T00:00:00.000Z,280030,1050200,2016-06-01T00:00:00.000Z,2016-07-01T00:00:00.000Z,42367,360750
2016-07-01T00:00:00.000Z,279956,1049704,2016-07-01T00:00:00.000Z,2016-08-01T00:00:00.000Z,60938,310404
2016-08-01T00:00:00.000Z,287996,1077292,2016-08-01T00:00:00.000Z,2016-09-01T00:00:00.000Z,16070,219573
2016-09-01T00:00:00.000Z,295442,1068761,2016-09-01T00:00:00.000Z,2016-10-01T00:00:00.000Z,19246,478591
2016-10-01T00:00:00.000Z,306299,1099156,2016-10-01T00:00:00.000Z,2016-11-01T00:00:00.000Z,19036,618823
2016-11-01T00:00:00.000Z,297275,1075505,2016-11-01T00:00:00.000Z,2016-12-01T00:00:00.000Z,20653,681322
2016-12-01T00:00:00.000Z,298345,1238770,2016-12-01T00:00:00.000Z,2017-01-01T00:00:00.000Z,27900,547013
2017-01-01T00:00:00.000Z,308246,1191632,2017-01-01T00:00:00.000Z,2017-02-01T00:00:00.000Z,68698,380179
2017-02-01T00:00:00.000Z,289168,1078774,2017-02-01T00:00:00.000Z,2017-03-01T00:00:00.000Z,161955,381108
2017-03-01T00:00:00.000Z,309768,1098154,2017-03-01T00:00:00.000Z,2017-04-01T00:00:00.000Z,3127,537500
2017-04-01T00:00:00.000Z,288549,1044109,2017-04-01T00:00:00.000Z,2017-05-01T00:00:00.000Z,7113,388782
2017-05-01T00:00:00.000Z,292582,1031560,2017-05-01T00:00:00.000Z,2017-06-01T00:00:00.000Z,2758,507427
2017-06-01T00:00:00.000Z,277658,1014500,2017-06-01T00:00:00.000Z,2017-07-01T00:00:00.000Z,3217,628721
2017-07-01T00:00:00.000Z,282492,1074018,2017-07-01T00:00:00.000Z,2017-08-01T00:00:00.000Z,27011,481036
2017-08-01T00:00:00.000Z,290009,1166950,2017-08-01T00:00:00.000Z,2017-09-01T00:00:00.000Z,6876,417828
2017-09-01T00:00:00.000Z,278864,1069849,2017-09-01T00:00:00.000Z,2017-10-01T00:00:00.000Z,11055,535085
2017-10-01T00:00:00.000Z,300091,1058432,2017-10-01T00:00:00.000Z,2017-11-01T00:00:00.000Z,23694,431651
2017-11-01T00:00:00.000Z,298363,1027908,2017-11-01T00:00:00.000Z,2017-12-01T00:00:00.000Z,32629,425913
2017-12-01T00:00:00.000Z,283227,1030617,2017-12-01T00:00:00.000Z,2018-01-01T00:00:00.000Z,47687,664378
2018-01-01T00:00:00.000Z,307451,1232065,2018-01-01T00:00:00.000Z,2018-02-01T00:00:00.000Z,46951,458588
2018-02-01T00:00:00.000Z,281583,1188013,2018-02-01T00:00:00.000Z,2018-03-01T00:00:00.000Z,8348,330011
2018-03-01T00:00:00.000Z,302177,1196433,2018-03-01T00:00:00.000Z,2018-04-01T00:00:00.000Z,9164,529467
2018-04-01T00:00:00.000Z,288453,1174295,2018-04-01T00:00:00.000Z,2018-05-01T00:00:00.000Z,68992,334745
2018-05-01T00:00:00.000Z,290245,1100918,2018-05-01T00:00:00.000Z,2018-06-01T00:00:00.000Z,13560,336081
2018-06-01T00:00:00.000Z,274348,966940,2018-06-01T00:00:00.000Z,2018-07-01T00:00:00.000Z,15555,321355
2018-07-01T00:00:00.000Z,274901,1029600,2018-07-01T00:00:00.000Z,2018-08-01T00:00:00.000Z,5335,257710
2018-08-01T00:00:00.000Z,282532,1124626,2018-08-01T00:00:00.000Z,2018-09-01T00:00:00.000Z,46066,190033
2018-09-01T00:00:00.000Z,272871,1081414,2018-09-01T00:00:00.000Z,2018-10-01T00:00:00.000Z,5893,263322
2018-10-01T00:00:00.000Z,292047,1123032,2018-10-01T00:00:00.000Z,2018-11-01T00:00:00.000Z,8945,291190
2018-11-01T00:00:00.000Z,290466,1136531,2018-11-01T00:00:00.000Z,2018-12-01T00:00:00.000Z,6421,310185
2018-12-01T00:00:00.000Z,283005,1142307,2018-12-01T00:00:00.000Z,2019-01-01T00:00:00.000Z,6314,304723
2019-01-01T00:00:00.000Z,298908,1197903,2019-01-01T00:00:00.000Z,2019-02-01T00:00:00.000Z,10459,283744
2019-02-01T00:00:00.000Z,277592,1062169,2019-02-01T00:00:00.000Z,2019-03-01T00:00:00.000Z,5514,234728
2019-03-01T00:00:00.000Z,292521,1170004,2019-03-01T00:00:00.000Z,2019-04-01T00:00:00.000Z,6967,210561
2019-04-01T00:00:00.000Z,283296,1086768,2019-04-01T00:00:00.000Z,2019-05-01T00:00:00.000Z,7317,225942
2019-05-01T00:00:00.000Z,289953,1148368,2019-05-01T00:00:00.000Z,2019-06-01T00:00:00.000Z,2699,296440
2019-06-01T00:00:00.000Z,271009,1125690,2019-06-01T00:00:00.000Z,2019-07-01T00:00:00.000Z,1724,265898
2019-07-01T00:00:00.000Z,283107,1065633,2019-07-01T00:00:00.000Z,2019-08-01T00:00:00.000Z,276,294917
2019-08-01T00:00:00.000Z,285000,1087659,2019-08-01T00:00:00.000Z,2019-09-01T00:00:00.000Z,194,279050
2019-09-01T00:00:00.000Z,276666,1238896,2019-09-01T00:00:00.000Z,2019-10-01T00:00:00.000Z,532,997099
2019-10-01T00:00:00.000Z,295916,1220703,2019-10-01T00:00:00.000Z,2019-11-01T00:00:00.000Z,5666,379282
2019-11-01T00:00:00.000Z,280017,1076370,2019-11-01T00:00:00.000Z,2019-12-01T00:00:00.000Z,4904,335355
2019-12-01T00:00:00.000Z,269982,1066765,2019-12-01T00:00:00.000Z,2020-01-01T00:00:00.000Z,4967,419322
2020-01-01T00:00:00.000Z,292155,1187506,2020-01-01T00:00:00.000Z,2020-02-01T00:00:00.000Z,4179,442759
2020-02-01T00:00:00.000Z,276862,1151500,2020-02-01T00:00:00.000Z,2020-03-01T00:00:00.000Z,3471,338106
2020-03-01T00:00:00.000Z,269889,1312675,2020-03-01T00:00:00.000Z,2020-04-01T00:00:00.000Z,6369,348807
2020-04-01T00:00:00.000Z,296040,1449214,2020-04-01T00:00:00.000Z,2020-05-01T00:00:00.000Z,6127,463502
2020-05-01T00:00:00.000Z,306970,1400545,2020-05-01T00:00:00.000Z,2020-06-01T00:00:00.000Z,33988,509830
2020-06-01T00:00:00.000Z,287340,1218004,2020-06-01T00:00:00.000Z,2020-07-01T00:00:00.000Z,29809,448402
2020-07-01T00:00:00.000Z,289553,1236904,2020-07-01T00:00:00.000Z,2020-08-01T00:00:00.000Z,3214,275150
2020-08-01T00:00:00.000Z,288744,1403191,2020-08-01T00:00:00.000Z,2020-09-01T00:00:00.000Z,5616,323201
2020-09-01T00:00:00.000Z,291093,1308261,2020-09-01T00:00:00.000Z,2020-10-01T00:00:00.000Z,2590,355318
2020-10-01T00:00:00.000Z,294889,1217953,2020-10-01T00:00:00.000Z,2020-11-01T00:00:00.000Z,2285,430414
2020-11-01T00:00:00.000Z,286633,1163908,2020-11-01T00:00:00.000Z,2020-12-01T00:00:00.000Z,2371,514973
2020-12-01T00:00:00.000Z,285960,1270735,2020-12-01T00:00:00.000Z,2021-01-01T00:00:00.000Z,1963,892386
2021-01-01T00:00:00.000Z,308599,1378542,2021-01-01T00:00:00.000Z,2021-02-01T00:00:00.000Z,7168,1061944
2021-02-01T00:00:00.000Z,288656,1393882,2021-02-01T00:00:00.000Z,2021-03-01T00:00:00.000Z,1080,482041
2021-03-01T00:00:00.000Z,306555,1303744,2021-03-01T00:00:00.000Z,2021-04-01T00:00:00.000Z,1565,605086
2021-04-01T00:00:00.000Z,287788,1253944,2021-04-01T00:00:00.000Z,2021-05-01T00:00:00.000Z,2387,521983
2021-05-01T00:00:00.000Z,294856,1249406,2021-05-01T00:00:00.000Z,2021-06-01T00:00:00.000Z,2166,405820
2021-06-01T00:00:00.000Z,275014,1199335,2021-06-01T00:00:00.000Z,2021-07-01T00:00:00.000Z,2458,428547
2021-07-01T00:00:00.000Z,276874,1190014,2021-07-01T00:00:00.000Z,2021-08-01T00:00:00.000Z,2314,434809
2021-08-01T00:00:00.000Z,273956,1147335,2021-08-01T00:00:00.000Z,2021-09-01T00:00:00.000Z,2287,485764
2021-09-01T00:00:00.000Z,271888,1178852,2021-09-01T00:00:00.000Z,2021-10-01T00:00:00.000Z,2022,1146842
2021-10-01T00:00:00.000Z,276706,1254320,2021-10-01T00:00:00.000Z,2021-11-01T00:00:00.000Z,2102,677284
2021-11-01T00:00:00.000Z,267937,1176488,2021-11-01T00:00:00.000Z,2021-12-01T00:00:00.000Z,1829,555429
2021-12-01T00:00:00.000Z,269945,1224091,2021-12-01T00:00:00.000Z,2022-01-01T00:00:00.000Z,1814,449503
2022-01-01T00:00:00.000Z,299153,1264133,2022-01-01T00:00:00.000Z,2022-02-01T00:00:00.000Z,1896,1078364
2022-02-01T00:00:00.000Z,267456,1214628,2022-02-01T00:00:00.000Z,2022-03-01T00:00:00.000Z,2022,908992
2022-03-01T00:00:00.000Z,280566,1265221,2022-03-01T00:00:00.000Z,2022-04-01T00:00:00.000Z,13887,1009454
2022-04-01T00:00:00.000Z,262341,1338276,2022-04-01T00:00:00.000Z,2022-05-01T00:00:00.000Z,1938,550607
2022-05-01T00:00:00.000Z,267533,1232138,2022-05-01T00:00:00.000Z,2022-06-01T00:00:00.000Z,398,679456
2022-06-01T00:00:00.000Z,260233,1268402,2022-06-01T00:00:00.000Z,2022-07-01T00:00:00.000Z,1900,464248
2022-07-01T00:00:00.000Z,265270,1271353,2022-07-01T00:00:00.000Z,2022-08-01T00:00:00.000Z,1578,1108423
2022-08-01T00:00:00.000Z,269473,1177750,2022-08-01T00:00:00.000Z,2022-09-01T00:00:00.000Z,1767,1683649
2022-09-01T00:00:00.000Z,261515,1189718,2022-09-01T00:00:00.000Z,2022-10-01T00:00:00.000Z,3580,1106783
2022-10-01T00:00:00.000Z,280968,1166507,2022-10-01T00:00:00.000Z,2022-11-01T00:00:00.000Z,878,1439415
2022-11-01T00:00:00.000Z,272913,1103666,2022-11-01T00:00:00.000Z,2022-12-01T00:00:00.000Z,1670,1237270
2022-12-01T00:00:00.000Z,272157,1313859,2022-12-01T00:00:00.000Z,2023-01-01T00:00:00.000Z,830,1425748
2023-01-01T00:00:00.000Z,287718,1323936,2023-01-01T00:00:00.000Z,2023-02-01T00:00:00.000Z,173,1120494
2023-02-01T00:00:00.000Z,253989,1215010,2023-02-01T00:00:00.000Z,2023-03-01T00:00:00.000Z,132,1114262
2023-03-01T00:00:00.000Z,275180,1243539,2023-03-01T00:00:00.000Z,2023-04-01T00:00:00.000Z,134,769226
2023-04-01T00:00:00.000Z,261141,1329539,2023-04-01T00:00:00.000Z,2023-05-01T00:00:00.000Z,219,372940
2023-05-01T00:00:00.000Z,268594,1318866,2023-05-01T00:00:00.000Z,2023-06-01T00:00:00.000Z,172,623120
2023-06-01T00:00:00.000Z,255148,1346118,2023-06-01T00:00:00.000Z,2023-07-01T00:00:00.000Z,185,334923
2023-07-01T00:00:00.000Z,263793,1352300,2023-07-01T00:00:00.000Z,2023-08-01T00:00:00.000Z,231,613584
2023-08-01T00:00:00.000Z,255520,1303447,2023-08-01T00:00:00.000Z,2023-09-01T00:00:00.000Z,143,449010
2023-09-01T00:00:00.000Z,252250,1147137,2023-09-01T00:00:00.000Z,2023-10-01T00:00:00.000Z,3716,505966
2023-10-01T00:00:00.000Z,263866,1259051,2023-10-01T00:00:00.000Z,2023-11-01T00:00:00.000Z,176,311398
2023-11-01T00:00:00.000Z,259747,1238860,2023-11-01T00:00:00.000Z,2023-12-01T00:00:00.000Z,174,336965
2023-12-01T00:00:00.000Z,251405,1341871,2023-12-01T00:00:00.000Z,2024-01-01T00:00:00.000Z,152,582717